Workbook

Sheet Master
B1: PPC Production Planning Template | U1: ACTUALS — enter after shipment | Y1: NOTES
B2: Month | C2: Seq | D2: Style | E2: PO | F2: ODR. Qty | G2: Produce Till Date | H2: Balance | I2: Dely Date | J2: Ex-Factory | K2: Lines | L2: Production/LINE | M2: Days Req | N2: Manual Start | O2: Start Date | P2: End Date | Q2: Projected Ex-Fac | R2: Def | S2: Fabric/Trims I/H Date | T2: OTIF (Projected) | U2: Actual Ex-Fac | V2: Shipped Qty | W2: OTIF (Actual) | Y2: Blue cells are inputs; grey cells are formulas.
B3: M5 | C3: 1 | D3: 4300 | E3: 7111632906 | F3: 2678 | G3: 2678 | H3: =IF(OR(D3="",E3=""),"",IFERROR(F3-G3,"-")) -> 0 | I3: 46239 | J3: =IF(I3="","",IFERROR(WORKDAY.INTL(I3,-10,"0000001",Holidays!$A$6:$A$55),"-")) -> 46227 | M3: =IF(OR(D3="",E3="",F3="",K3="",L3=""),"",IFERROR(ROUNDUP(H3/(K3*L3),0),"-")) | N3: Close | O3: {=IF(OR($D3="",$E3=""),"",IF($N3<>"",$N3,IFERROR(WORKDAY.INTL(LOOKUP(2,1/(($D$2:D2=$D3)*ISNUMBER($P$2:P2)),$P$2:P2),1,"0000001",Holidays!$A$6:$A$55),"")))} -> Close | P3: =IF(OR(O3="",H3="",K3="",L3=""),"",IFERROR(WORKDAY.INTL(O3-1,MAX(1,ROUNDUP(H3/(K3*L3),0)),"0000001",Holidays!$A$6:$A$55),"-")) | Q3: =IF(P3="","",IFERROR(WORKDAY.INTL(P3,3,"0000001",Holidays!$A$6:$A$55),"-")) | R3: =IF(OR(J3="",P3=""),"",IFERROR(NETWORKDAYS.INTL(P3+1,J3,"0000001",Holidays!$A$6:$A$55),"-")) | S3: =IF(O3="","",IFERROR(WORKDAY.INTL(O3,-10,"0000001",Holidays!$A$6:$A$55),"-")) -> - | T3: =IF(OR(I3="",Q3=""),"",IF(Q3<=I3-4,1,0)) | W3: =IF(OR($U3="",$V3="",$I3=""),"",IF(AND($U3<=$I3-4,$V3>=$F3),1,0)) | Y3: Start Date: Manual Start wins. Otherwise the order starts 1 working day after the last planned end date of the same style above it.
B4: M5 | C4: 2 | D4: 4300 | E4: 7207749635 | F4: 2950 | G4: 0 | H4: =IF(OR(D4="",E4=""),"",IFERROR(F4-G4,"-")) -> 2950 | I4: 46239 | J4: =IF(I4="","",IFERROR(WORKDAY.INTL(I4,-10,"0000001",Holidays!$A$6:$A$55),"-")) -> 46227 | K4: 1 | L4: 850 | M4: =IF(OR(D4="",E4="",F4="",K4="",L4=""),"",IFERROR(ROUNDUP(H4/(K4*L4),0),"-")) -> 4 | N4: 46258 | O4: {=IF(OR($D4="",$E4=""),"",IF($N4<>"",$N4,IFERROR(WORKDAY.INTL(LOOKUP(2,1/(($D$2:D3=$D4)*ISNUMBER($P$2:P3)),$P$2:P3),1,"0000001",Holidays!$A$6:$A$55),"")))} -> 46258 | P4: =IF(OR(O4="",H4="",K4="",L4=""),"",IFERROR(WORKDAY.INTL(O4-1,MAX(1,ROUNDUP(H4/(K4*L4),0)),"0000001",Holidays!$A$6:$A$55),"-")) -> 46261 | Q4: =IF(P4="","",IFERROR(WORKDAY.INTL(P4,3,"0000001",Holidays!$A$6:$A$55),"-")) -> 46266 | R4: =IF(OR(J4="",P4=""),"",IFERROR(NETWORKDAYS.INTL(P4+1,J4,"0000001",Holidays!$A$6:$A$55),"-")) -> -29 | S4: =IF(O4="","",IFERROR(WORKDAY.INTL(O4,-10,"0000001",Holidays!$A$6:$A$55),"-")) -> 46245 | T4: =IF(OR(I4="",Q4=""),"",IF(Q4<=I4-4,1,0)) -> 0 | W4: =IF(OR($U4="",$V4="",$I4=""),"",IF(AND($U4<=$I4-4,$V4>=$F4),1,0)) | Y4: Type "Close" in Manual Start for an order that is finished or not to be scheduled.
B5: M6 | C5: 3 | D5: 4300 | E5: 7837962265 | F5: 2580 | G5: 0 | H5: =IF(OR(D5="",E5=""),"",IFERROR(F5-G5,"-")) -> 2580 | I5: 46262 | J5: =IF(I5="","",IFERROR(WORKDAY.INTL(I5,-10,"0000001",Holidays!$A$6:$A$55),"-")) -> 46251 | K5: 1 | L5: 850 | M5: =IF(OR(D5="",E5="",F5="",K5="",L5=""),"",IFERROR(ROUNDUP(H5/(K5*L5),0),"-")) -> 4 | N5: 46262 | O5: {=IF(OR($D5="",$E5=""),"",IF($N5<>"",$N5,IFERROR(WORKDAY.INTL(LOOKUP(2,1/(($D$2:D4=$D5)*ISNUMBER($P$2:P4)),$P$2:P4),1,"0000001",Holidays!$A$6:$A$55),"")))} -> 46262 | P5: =IF(OR(O5="",H5="",K5="",L5=""),"",IFERROR(WORKDAY.INTL(O5-1,MAX(1,ROUNDUP(H5/(K5*L5),0)),"0000001",Holidays!$A$6:$A$55),"-")) -> 46267 | Q5: =IF(P5="","",IFERROR(WORKDAY.INTL(P5,3,"0000001",Holidays!$A$6:$A$55),"-")) -> 46270 | R5: =IF(OR(J5="",P5=""),"",IFERROR(NETWORKDAYS.INTL(P5+1,J5,"0000001",Holidays!$A$6:$A$55),"-")) -> -15 | S5: =IF(O5="","",IFERROR(WORKDAY.INTL(O5,-10,"0000001",Holidays!$A$6:$A$55),"-")) -> 46251 | T5: =IF(OR(I5="",Q5=""),"",IF(Q5<=I5-4,1,0)) -> 0 | W5: =IF(OR($U5="",$V5="",$I5=""),"",IF(AND($U5<=$I5-4,$V5>=$F5),1,0)) | Y5: Planned Ex-Factory = Delivery date − 10 working days. Fabric/Trims in-house = Start − 10 working days.
B6: M8 | C6: 4 | D6: 4300 | E6: 7406530527 | F6: 731 | G6: 0 | H6: =IF(OR(D6="",E6=""),"",IFERROR(F6-G6,"-")) -> 731 | I6: 46332 | J6: =IF(I6="","",IFERROR(WORKDAY.INTL(I6,-10,"0000001",Holidays!$A$6:$A$55),"-")) -> 46321 | K6: 1 | L6: 850 | M6: =IF(OR(D6="",E6="",F6="",K6="",L6=""),"",IFERROR(ROUNDUP(H6/(K6*L6),0),"-")) -> 1 | N6: 46314 | O6: {=IF(OR($D6="",$E6=""),"",IF($N6<>"",$N6,IFERROR(WORKDAY.INTL(LOOKUP(2,1/(($D$2:D5=$D6)*ISNUMBER($P$2:P5)),$P$2:P5),1,"0000001",Holidays!$A$6:$A$55),"")))} -> 46314 | P6: =IF(OR(O6="",H6="",K6="",L6=""),"",IFERROR(WORKDAY.INTL(O6-1,MAX(1,ROUNDUP(H6/(K6*L6),0)),"0000001",Holidays!$A$6:$A$55),"-")) -> 46314 | Q6: =IF(P6="","",IFERROR(WORKDAY.INTL(P6,3,"0000001",Holidays!$A$6:$A$55),"-")) -> 46318 | R6: =IF(OR(J6="",P6=""),"",IFERROR(NETWORKDAYS.INTL(P6+1,J6,"0000001",Holidays!$A$6:$A$55),"-")) -> 5 | S6: =IF(O6="","",IFERROR(WORKDAY.INTL(O6,-10,"0000001",Holidays!$A$6:$A$55),"-")) -> 46302 | T6: =IF(OR(I6="",Q6=""),"",IF(Q6<=I6-4,1,0)) -> 1 | W6: =IF(OR($U6="",$V6="",$I6=""),"",IF(AND($U6<=$I6-4,$V6>=$F6),1,0)) | Y6: Projected Ex-Fac = End date + 3 working days. Def = working days of buffer between End date and Planned Ex-Factory (negative = late).
B7: M9 | C7: 5 | D7: 4300 | E7: 7601081513 | F7: 1194 | G7: 0 | H7: =IF(OR(D7="",E7=""),"",IFERROR(F7-G7,"-")) -> 1194 | I7: 46360 | J7: =IF(I7="","",IFERROR(WORKDAY.INTL(I7,-10,"0000001",Holidays!$A$6:$A$55),"-")) -> 46349 | K7: 1 | L7: 850 | M7: =IF(OR(D7="",E7="",F7="",K7="",L7=""),"",IFERROR(ROUNDUP(H7/(K7*L7),0),"-")) -> 2 | O7: {=IF(OR($D7="",$E7=""),"",IF($N7<>"",$N7,IFERROR(WORKDAY.INTL(LOOKUP(2,1/(($D$2:D6=$D7)*ISNUMBER($P$2:P6)),$P$2:P6),1,"0000001",Holidays!$A$6:$A$55),"")))} -> 46316 | P7: =IF(OR(O7="",H7="",K7="",L7=""),"",IFERROR(WORKDAY.INTL(O7-1,MAX(1,ROUNDUP(H7/(K7*L7),0)),"0000001",Holidays!$A$6:$A$55),"-")) -> 46317 | Q7: =IF(P7="","",IFERROR(WORKDAY.INTL(P7,3,"0000001",Holidays!$A$6:$A$55),"-")) -> 46321 | R7: =IF(OR(J7="",P7=""),"",IFERROR(NETWORKDAYS.INTL(P7+1,J7,"0000001",Holidays!$A$6:$A$55),"-")) -> 25 | S7: =IF(O7="","",IFERROR(WORKDAY.INTL(O7,-10,"0000001",Holidays!$A$6:$A$55),"-")) -> 46303 | T7: =IF(OR(I7="",Q7=""),"",IF(Q7<=I7-4,1,0)) -> 1 | W7: =IF(OR($U7="",$V7="",$I7=""),"",IF(AND($U7<=$I7-4,$V7>=$F7),1,0)) | Y7: OTIF (Projected) = 1 if Projected Ex-Fac is at least 4 days before the delivery date. It is a forecast, not a result.
B8: M5 | C8: 1 | D8: 4301 | E8: 7040935107 | F8: 4144 | G8: 4144 | H8: =IF(OR(D8="",E8=""),"",IFERROR(F8-G8,"-")) -> 0 | I8: 46239 | J8: =IF(I8="","",IFERROR(WORKDAY.INTL(I8,-10,"0000001",Holidays!$A$6:$A$55),"-")) -> 46227 | M8: =IF(OR(D8="",E8="",F8="",K8="",L8=""),"",IFERROR(ROUNDUP(H8/(K8*L8),0),"-")) | N8: Close | O8: {=IF(OR($D8="",$E8=""),"",IF($N8<>"",$N8,IFERROR(WORKDAY.INTL(LOOKUP(2,1/(($D$2:D7=$D8)*ISNUMBER($P$2:P7)),$P$2:P7),1,"0000001",Holidays!$A$6:$A$55),"")))} -> Close | P8: =IF(OR(O8="",H8="",K8="",L8=""),"",IFERROR(WORKDAY.INTL(O8-1,MAX(1,ROUNDUP(H8/(K8*L8),0)),"0000001",Holidays!$A$6:$A$55),"-")) | Q8: =IF(P8="","",IFERROR(WORKDAY.INTL(P8,3,"0000001",Holidays!$A$6:$A$55),"-")) | R8: =IF(OR(J8="",P8=""),"",IFERROR(NETWORKDAYS.INTL(P8+1,J8,"0000001",Holidays!$A$6:$A$55),"-")) | S8: =IF(O8="","",IFERROR(WORKDAY.INTL(O8,-10,"0000001",Holidays!$A$6:$A$55),"-")) -> - | T8: =IF(OR(I8="",Q8=""),"",IF(Q8<=I8-4,1,0)) | W8: =IF(OR($U8="",$V8="",$I8=""),"",IF(AND($U8<=$I8-4,$V8>=$F8),1,0)) | Y8: OTIF (Actual) = 1 only when the Actual Ex-Fac is at least 4 days before delivery AND Shipped Qty ≥ Order Qty.
B9: M5 | C9: 2 | D9: 4301 | E9: 7711945303 | F9: 1190 | G9: 1190 | H9: =IF(OR(D9="",E9=""),"",IFERROR(F9-G9,"-")) -> 0 | I9: 46248 | J9: =IF(I9="","",IFERROR(WORKDAY.INTL(I9,-10,"0000001",Holidays!$A$6:$A$55),"-")) -> 46237 | M9: =IF(OR(D9="",E9="",F9="",K9="",L9=""),"",IFERROR(ROUNDUP(H9/(K9*L9),0),"-")) | N9: Close | O9: {=IF(OR($D9="",$E9=""),"",IF($N9<>"",$N9,IFERROR(WORKDAY.INTL(LOOKUP(2,1/(($D$2:D8=$D9)*ISNUMBER($P$2:P8)),$P$2:P8),1,"0000001",Holidays!$A$6:$A$55),"")))} -> Close | P9: =IF(OR(O9="",H9="",K9="",L9=""),"",IFERROR(WORKDAY.INTL(O9-1,MAX(1,ROUNDUP(H9/(K9*L9),0)),"0000001",Holidays!$A$6:$A$55),"-")) | Q9: =IF(P9="","",IFERROR(WORKDAY.INTL(P9,3,"0000001",Holidays!$A$6:$A$55),"-")) | R9: =IF(OR(J9="",P9=""),"",IFERROR(NETWORKDAYS.INTL(P9+1,J9,"0000001",Holidays!$A$6:$A$55),"-")) | S9: =IF(O9="","",IFERROR(WORKDAY.INTL(O9,-10,"0000001",Holidays!$A$6:$A$55),"-")) -> - | T9: =IF(OR(I9="",Q9=""),"",IF(Q9<=I9-4,1,0)) | W9: =IF(OR($U9="",$V9="",$I9=""),"",IF(AND($U9<=$I9-4,$V9>=$F9),1,0)) | Y9: Amber Lines / Production per line = the order still has a balance but no capacity assigned, so it is not scheduled.
B10: M5 | C10: 3 | D10: 4301 | E10: 7243553175 | F10: 3693 | G10: 3693 | H10: =IF(OR(D10="",E10=""),"",IFERROR(F10-G10,"-")) -> 0 | I10: 46239 | J10: =IF(I10="","",IFERROR(WORKDAY.INTL(I10,-10,"0000001",Holidays!$A$6:$A$55),"-")) -> 46227 | M10: =IF(OR(D10="",E10="",F10="",K10="",L10=""),"",IFERROR(ROUNDUP(H10/(K10*L10),0),"-")) | N10: Close | O10: {=IF(OR($D10="",$E10=""),"",IF($N10<>"",$N10,IFERROR(WORKDAY.INTL(LOOKUP(2,1/(($D$2:D9=$D10)*ISNUMBER($P$2:P9)),$P$2:P9),1,"0000001",Holidays!$A$6:$A$55),"")))} -> Close | P10: =IF(OR(O10="",H10="",K10="",L10=""),"",IFERROR(WORKDAY.INTL(O10-1,MAX(1,ROUNDUP(H10/(K10*L10),0)),"0000001",Holidays!$A$6:$A$55),"-")) | Q10: =IF(P10="","",IFERROR(WORKDAY.INTL(P10,3,"0000001",Holidays!$A$6:$A$55),"-")) | R10: =IF(OR(J10="",P10=""),"",IFERROR(NETWORKDAYS.INTL(P10+1,J10,"0000001",Holidays!$A$6:$A$55),"-")) | S10: =IF(O10="","",IFERROR(WORKDAY.INTL(O10,-10,"0000001",Holidays!$A$6:$A$55),"-")) -> - | T10: =IF(OR(I10="",Q10=""),"",IF(Q10<=I10-4,1,0)) | W10: =IF(OR($U10="",$V10="",$I10=""),"",IF(AND($U10<=$I10-4,$V10>=$F10),1,0)) | Y10: Working days exclude Sundays and the dates listed on the Holidays sheet.
B11: M5 | C11: 4 | D11: 4301 | E11: 7906122198 | F11: 803 | G11: 586 | H11: =IF(OR(D11="",E11=""),"",IFERROR(F11-G11,"-")) -> 217 | I11: 46239 | J11: =IF(I11="","",IFERROR(WORKDAY.INTL(I11,-10,"0000001",Holidays!$A$6:$A$55),"-")) -> 46227 | M11: =IF(OR(D11="",E11="",F11="",K11="",L11=""),"",IFERROR(ROUNDUP(H11/(K11*L11),0),"-")) | N11: Close | O11: {=IF(OR($D11="",$E11=""),"",IF($N11<>"",$N11,IFERROR(WORKDAY.INTL(LOOKUP(2,1/(($D$2:D10=$D11)*ISNUMBER($P$2:P10)),$P$2:P10),1,"0000001",Holidays!$A$6:$A$55),"")))} -> Close | P11: =IF(OR(O11="",H11="",K11="",L11=""),"",IFERROR(WORKDAY.INTL(O11-1,MAX(1,ROUNDUP(H11/(K11*L11),0)),"0000001",Holidays!$A$6:$A$55),"-")) | Q11: =IF(P11="","",IFERROR(WORKDAY.INTL(P11,3,"0000001",Holidays!$A$6:$A$55),"-")) | R11: =IF(OR(J11="",P11=""),"",IFERROR(NETWORKDAYS.INTL(P11+1,J11,"0000001",Holidays!$A$6:$A$55),"-")) | S11: =IF(O11="","",IFERROR(WORKDAY.INTL(O11,-10,"0000001",Holidays!$A$6:$A$55),"-")) -> - | T11: =IF(OR(I11="",Q11=""),"",IF(Q11<=I11-4,1,0)) | W11: =IF(OR($U11="",$V11="",$I11=""),"",IF(AND($U11<=$I11-4,$V11>=$F11),1,0))
B12: M5 | C12: 5 | D12: 4301 | E12: 7972816177 | F12: 3374 | G12: 0 | H12: =IF(OR(D12="",E12=""),"",IFERROR(F12-G12,"-")) -> 3374 | I12: 46239 | J12: =IF(I12="","",IFERROR(WORKDAY.INTL(I12,-10,"0000001",Holidays!$A$6:$A$55),"-")) -> 46227 | K12: 1 | L12: 850 | M12: =IF(OR(D12="",E12="",F12="",K12="",L12=""),"",IFERROR(ROUNDUP(H12/(K12*L12),0),"-")) -> 4 | N12: 46247 | O12: {=IF(OR($D12="",$E12=""),"",IF($N12<>"",$N12,IFERROR(WORKDAY.INTL(LOOKUP(2,1/(($D$2:D11=$D12)*ISNUMBER($P$2:P11)),$P$2:P11),1,"0000001",Holidays!$A$6:$A$55),"")))} -> 46247 | P12: =IF(OR(O12="",H12="",K12="",L12=""),"",IFERROR(WORKDAY.INTL(O12-1,MAX(1,ROUNDUP(H12/(K12*L12),0)),"0000001",Holidays!$A$6:$A$55),"-")) -> 46252 | Q12: =IF(P12="","",IFERROR(WORKDAY.INTL(P12,3,"0000001",Holidays!$A$6:$A$55),"-")) -> 46255 | R12: =IF(OR(J12="",P12=""),"",IFERROR(NETWORKDAYS.INTL(P12+1,J12,"0000001",Holidays!$A$6:$A$55),"-")) -> -22 | S12: =IF(O12="","",IFERROR(WORKDAY.INTL(O12,-10,"0000001",Holidays!$A$6:$A$55),"-")) -> 46235 | T12: =IF(OR(I12="",Q12=""),"",IF(Q12<=I12-4,1,0)) -> 0 | W12: =IF(OR($U12="",$V12="",$I12=""),"",IF(AND($U12<=$I12-4,$V12>=$F12),1,0))
B13: M5 | C13: 6 | D13: 4301 | E13: 7529999468 | F13: 574 | G13: 0 | H13: =IF(OR(D13="",E13=""),"",IFERROR(F13-G13,"-")) -> 574 | I13: 46248 | J13: =IF(I13="","",IFERROR(WORKDAY.INTL(I13,-10,"0000001",Holidays!$A$6:$A$55),"-")) -> 46237 | K13: 1 | L13: 850 | M13: =IF(OR(D13="",E13="",F13="",K13="",L13=""),"",IFERROR(ROUNDUP(H13/(K13*L13),0),"-")) -> 1 | O13: {=IF(OR($D13="",$E13=""),"",IF($N13<>"",$N13,IFERROR(WORKDAY.INTL(LOOKUP(2,1/(($D$2:D12=$D13)*ISNUMBER($P$2:P12)),$P$2:P12),1,"0000001",Holidays!$A$6:$A$55),"")))} -> 46253 | P13: =IF(OR(O13="",H13="",K13="",L13=""),"",IFERROR(WORKDAY.INTL(O13-1,MAX(1,ROUNDUP(H13/(K13*L13),0)),"0000001",Holidays!$A$6:$A$55),"-")) -> 46253 | Q13: =IF(P13="","",IFERROR(WORKDAY.INTL(P13,3,"0000001",Holidays!$A$6:$A$55),"-")) -> 46256 | R13: =IF(OR(J13="",P13=""),"",IFERROR(NETWORKDAYS.INTL(P13+1,J13,"0000001",Holidays!$A$6:$A$55),"-")) -> -15 | S13: =IF(O13="","",IFERROR(WORKDAY.INTL(O13,-10,"0000001",Holidays!$A$6:$A$55),"-")) -> 46240 | T13: =IF(OR(I13="",Q13=""),"",IF(Q13<=I13-4,1,0)) -> 0 | W13: =IF(OR($U13="",$V13="",$I13=""),"",IF(AND($U13<=$I13-4,$V13>=$F13),1,0))
B14: M6 | C14: 7 | D14: 4301 | E14: 7532230827 | F14: 986 | G14: 0 | H14: =IF(OR(D14="",E14=""),"",IFERROR(F14-G14,"-")) -> 986 | I14: 46276 | J14: =IF(I14="","",IFERROR(WORKDAY.INTL(I14,-10,"0000001",Holidays!$A$6:$A$55),"-")) -> 46265 | K14: 1 | L14: 850 | M14: =IF(OR(D14="",E14="",F14="",K14="",L14=""),"",IFERROR(ROUNDUP(H14/(K14*L14),0),"-")) -> 2 | N14: 46266 | O14: {=IF(OR($D14="",$E14=""),"",IF($N14<>"",$N14,IFERROR(WORKDAY.INTL(LOOKUP(2,1/(($D$2:D13=$D14)*ISNUMBER($P$2:P13)),$P$2:P13),1,"0000001",Holidays!$A$6:$A$55),"")))} -> 46266 | P14: =IF(OR(O14="",H14="",K14="",L14=""),"",IFERROR(WORKDAY.INTL(O14-1,MAX(1,ROUNDUP(H14/(K14*L14),0)),"0000001",Holidays!$A$6:$A$55),"-")) -> 46267 | Q14: =IF(P14="","",IFERROR(WORKDAY.INTL(P14,3,"0000001",Holidays!$A$6:$A$55),"-")) -> 46270 | R14: =IF(OR(J14="",P14=""),"",IFERROR(NETWORKDAYS.INTL(P14+1,J14,"0000001",Holidays!$A$6:$A$55),"-")) -> -4 | S14: =IF(O14="","",IFERROR(WORKDAY.INTL(O14,-10,"0000001",Holidays!$A$6:$A$55),"-")) -> 46253 | T14: =IF(OR(I14="",Q14=""),"",IF(Q14<=I14-4,1,0)) -> 1 | W14: =IF(OR($U14="",$V14="",$I14=""),"",IF(AND($U14<=$I14-4,$V14>=$F14),1,0))
B15: M6 | C15: 8 | D15: 4301 | E15: 7114448904 | F15: 659 | G15: 659 | H15: =IF(OR(D15="",E15=""),"",IFERROR(F15-G15,"-")) -> 0 | I15: 46276 | J15: =IF(I15="","",IFERROR(WORKDAY.INTL(I15,-10,"0000001",Holidays!$A$6:$A$55),"-")) -> 46265 | K15: 1 | L15: 850 | M15: =IF(OR(D15="",E15="",F15="",K15="",L15=""),"",IFERROR(ROUNDUP(H15/(K15*L15),0),"-")) -> 0 | N15: 46265 | O15: {=IF(OR($D15="",$E15=""),"",IF($N15<>"",$N15,IFERROR(WORKDAY.INTL(LOOKUP(2,1/(($D$2:D14=$D15)*ISNUMBER($P$2:P14)),$P$2:P14),1,"0000001",Holidays!$A$6:$A$55),"")))} -> 46265 | P15: =IF(OR(O15="",H15="",K15="",L15=""),"",IFERROR(WORKDAY.INTL(O15-1,MAX(1,ROUNDUP(H15/(K15*L15),0)),"0000001",Holidays!$A$6:$A$55),"-")) -> 46265 | Q15: =IF(P15="","",IFERROR(WORKDAY.INTL(P15,3,"0000001",Holidays!$A$6:$A$55),"-")) -> 46268 | R15: =IF(OR(J15="",P15=""),"",IFERROR(NETWORKDAYS.INTL(P15+1,J15,"0000001",Holidays!$A$6:$A$55),"-")) -> -2 | S15: =IF(O15="","",IFERROR(WORKDAY.INTL(O15,-10,"0000001",Holidays!$A$6:$A$55),"-")) -> 46252 | T15: =IF(OR(I15="",Q15=""),"",IF(Q15<=I15-4,1,0)) -> 1 | W15: =IF(OR($U15="",$V15="",$I15=""),"",IF(AND($U15<=$I15-4,$V15>=$F15),1,0))
B16: M6 | C16: 9 | D16: 4301 | E16: 7373337622 | F16: 756 | G16: 0 | H16: =IF(OR(D16="",E16=""),"",IFERROR(F16-G16,"-")) -> 756 | I16: 46276 | J16: =IF(I16="","",IFERROR(WORKDAY.INTL(I16,-10,"0000001",Holidays!$A$6:$A$55),"-")) -> 46265 | K16: 1 | L16: 850 | M16: =IF(OR(D16="",E16="",F16="",K16="",L16=""),"",IFERROR(ROUNDUP(H16/(K16*L16),0),"-")) -> 1 | N16: 46263 | O16: {=IF(OR($D16="",$E16=""),"",IF($N16<>"",$N16,IFERROR(WORKDAY.INTL(LOOKUP(2,1/(($D$2:D15=$D16)*ISNUMBER($P$2:P15)),$P$2:P15),1,"0000001",Holidays!$A$6:$A$55),"")))} -> 46263 | P16: =IF(OR(O16="",H16="",K16="",L16=""),"",IFERROR(WORKDAY.INTL(O16-1,MAX(1,ROUNDUP(H16/(K16*L16),0)),"0000001",Holidays!$A$6:$A$55),"-")) -> 46263 | Q16: =IF(P16="","",IFERROR(WORKDAY.INTL(P16,3,"0000001",Holidays!$A$6:$A$55),"-")) -> 46267 | R16: =IF(OR(J16="",P16=""),"",IFERROR(NETWORKDAYS.INTL(P16+1,J16,"0000001",Holidays!$A$6:$A$55),"-")) -> 1 | S16: =IF(O16="","",IFERROR(WORKDAY.INTL(O16,-10,"0000001",Holidays!$A$6:$A$55),"-")) -> 46251 | T16: =IF(OR(I16="",Q16=""),"",IF(Q16<=I16-4,1,0)) -> 1 | W16: =IF(OR($U16="",$V16="",$I16=""),"",IF(AND($U16<=$I16-4,$V16>=$F16),1,0))
B17: M6 | C17: 10 | D17: 4301 | E17: 7665397029 | F17: 2924 | G17: 0 | H17: =IF(OR(D17="",E17=""),"",IFERROR(F17-G17,"-")) -> 2924 | I17: 46262 | J17: =IF(I17="","",IFERROR(WORKDAY.INTL(I17,-10,"0000001",Holidays!$A$6:$A$55),"-")) -> 46251 | K17: 1 | L17: 850 | M17: =IF(OR(D17="",E17="",F17="",K17="",L17=""),"",IFERROR(ROUNDUP(H17/(K17*L17),0),"-")) -> 4 | N17: 46267 | O17: {=IF(OR($D17="",$E17=""),"",IF($N17<>"",$N17,IFERROR(WORKDAY.INTL(LOOKUP(2,1/(($D$2:D16=$D17)*ISNUMBER($P$2:P16)),$P$2:P16),1,"0000001",Holidays!$A$6:$A$55),"")))} -> 46267 | P17: =IF(OR(O17="",H17="",K17="",L17=""),"",IFERROR(WORKDAY.INTL(O17-1,MAX(1,ROUNDUP(H17/(K17*L17),0)),"0000001",Holidays!$A$6:$A$55),"-")) -> 46270 | Q17: =IF(P17="","",IFERROR(WORKDAY.INTL(P17,3,"0000001",Holidays!$A$6:$A$55),"-")) -> 46274 | R17: =IF(OR(J17="",P17=""),"",IFERROR(NETWORKDAYS.INTL(P17+1,J17,"0000001",Holidays!$A$6:$A$55),"-")) -> -17 | S17: =IF(O17="","",IFERROR(WORKDAY.INTL(O17,-10,"0000001",Holidays!$A$6:$A$55),"-")) -> 46254 | T17: =IF(OR(I17="",Q17=""),"",IF(Q17<=I17-4,1,0)) -> 0 | W17: =IF(OR($U17="",$V17="",$I17=""),"",IF(AND($U17<=$I17-4,$V17>=$F17),1,0))
B18: M6 | C18: 11 | D18: 4301 | E18: 7916958755 | F18: 727 | G18: 489 | H18: =IF(OR(D18="",E18=""),"",IFERROR(F18-G18,"-")) -> 238 | I18: 46262 | J18: =IF(I18="","",IFERROR(WORKDAY.INTL(I18,-10,"0000001",Holidays!$A$6:$A$55),"-")) -> 46251 | K18: 1 | L18: 850 | M18: =IF(OR(D18="",E18="",F18="",K18="",L18=""),"",IFERROR(ROUNDUP(H18/(K18*L18),0),"-")) -> 1 | N18: 46270 | O18: {=IF(OR($D18="",$E18=""),"",IF($N18<>"",$N18,IFERROR(WORKDAY.INTL(LOOKUP(2,1/(($D$2:D17=$D18)*ISNUMBER($P$2:P17)),$P$2:P17),1,"0000001",Holidays!$A$6:$A$55),"")))} -> 46270 | P18: =IF(OR(O18="",H18="",K18="",L18=""),"",IFERROR(WORKDAY.INTL(O18-1,MAX(1,ROUNDUP(H18/(K18*L18),0)),"0000001",Holidays!$A$6:$A$55),"-")) -> 46270 | Q18: =IF(P18="","",IFERROR(WORKDAY.INTL(P18,3,"0000001",Holidays!$A$6:$A$55),"-")) -> 46274 | R18: =IF(OR(J18="",P18=""),"",IFERROR(NETWORKDAYS.INTL(P18+1,J18,"0000001",Holidays!$A$6:$A$55),"-")) -> -17 | S18: =IF(O18="","",IFERROR(WORKDAY.INTL(O18,-10,"0000001",Holidays!$A$6:$A$55),"-")) -> 46258 | T18: =IF(OR(I18="",Q18=""),"",IF(Q18<=I18-4,1,0)) -> 0 | W18: =IF(OR($U18="",$V18="",$I18=""),"",IF(AND($U18<=$I18-4,$V18>=$F18),1,0))
B19: M6 | C19: 12 | D19: 4301 | E19: 7207612821 | F19: 1071 | G19: 1071 | H19: =IF(OR(D19="",E19=""),"",IFERROR(F19-G19,"-")) -> 0 | I19: 46262 | J19: =IF(I19="","",IFERROR(WORKDAY.INTL(I19,-10,"0000001",Holidays!$A$6:$A$55),"-")) -> 46251 | K19: 1 | L19: 850 | M19: =IF(OR(D19="",E19="",F19="",K19="",L19=""),"",IFERROR(ROUNDUP(H19/(K19*L19),0),"-")) -> 0 | O19: {=IF(OR($D19="",$E19=""),"",IF($N19<>"",$N19,IFERROR(WORKDAY.INTL(LOOKUP(2,1/(($D$2:D18=$D19)*ISNUMBER($P$2:P18)),$P$2:P18),1,"0000001",Holidays!$A$6:$A$55),"")))} -> 46272 | P19: =IF(OR(O19="",H19="",K19="",L19=""),"",IFERROR(WORKDAY.INTL(O19-1,MAX(1,ROUNDUP(H19/(K19*L19),0)),"0000001",Holidays!$A$6:$A$55),"-")) -> 46272 | Q19: =IF(P19="","",IFERROR(WORKDAY.INTL(P19,3,"0000001",Holidays!$A$6:$A$55),"-")) -> 46275 | R19: =IF(OR(J19="",P19=""),"",IFERROR(NETWORKDAYS.INTL(P19+1,J19,"0000001",Holidays!$A$6:$A$55),"-")) -> -19 | S19: =IF(O19="","",IFERROR(WORKDAY.INTL(O19,-10,"0000001",Holidays!$A$6:$A$55),"-")) -> 46259 | T19: =IF(OR(I19="",Q19=""),"",IF(Q19<=I19-4,1,0)) -> 0 | W19: =IF(OR($U19="",$V19="",$I19=""),"",IF(AND($U19<=$I19-4,$V19>=$F19),1,0))
B20: M6 | C20: 13 | D20: 4301 | E20: 7883977575 | F20: 2520 | G20: 0 | H20: =IF(OR(D20="",E20=""),"",IFERROR(F20-G20,"-")) -> 2520 | I20: 46267 | J20: =IF(I20="","",IFERROR(WORKDAY.INTL(I20,-10,"0000001",Holidays!$A$6:$A$55),"-")) -> 46254 | K20: 1 | L20: 850 | M20: =IF(OR(D20="",E20="",F20="",K20="",L20=""),"",IFERROR(ROUNDUP(H20/(K20*L20),0),"-")) -> 3 | O20: {=IF(OR($D20="",$E20=""),"",IF($N20<>"",$N20,IFERROR(WORKDAY.INTL(LOOKUP(2,1/(($D$2:D19=$D20)*ISNUMBER($P$2:P19)),$P$2:P19),1,"0000001",Holidays!$A$6:$A$55),"")))} -> 46273 | P20: =IF(OR(O20="",H20="",K20="",L20=""),"",IFERROR(WORKDAY.INTL(O20-1,MAX(1,ROUNDUP(H20/(K20*L20),0)),"0000001",Holidays!$A$6:$A$55),"-")) -> 46275 | Q20: =IF(P20="","",IFERROR(WORKDAY.INTL(P20,3,"0000001",Holidays!$A$6:$A$55),"-")) -> 46279 | R20: =IF(OR(J20="",P20=""),"",IFERROR(NETWORKDAYS.INTL(P20+1,J20,"0000001",Holidays!$A$6:$A$55),"-")) -> -19 | S20: =IF(O20="","",IFERROR(WORKDAY.INTL(O20,-10,"0000001",Holidays!$A$6:$A$55),"-")) -> 46260 | T20: =IF(OR(I20="",Q20=""),"",IF(Q20<=I20-4,1,0)) -> 0 | W20: =IF(OR($U20="",$V20="",$I20=""),"",IF(AND($U20<=$I20-4,$V20>=$F20),1,0))
B21: M7 | C21: 14 | D21: 4301 | E21: 7902771789 | F21: 3804 | G21: 0 | H21: =IF(OR(D21="",E21=""),"",IFERROR(F21-G21,"-")) -> 3804 | I21: 46295 | J21: =IF(I21="","",IFERROR(WORKDAY.INTL(I21,-10,"0000001",Holidays!$A$6:$A$55),"-")) -> 46283 | K21: 1 | L21: 850 | M21: =IF(OR(D21="",E21="",F21="",K21="",L21=""),"",IFERROR(ROUNDUP(H21/(K21*L21),0),"-")) -> 5 | N21: 46277 | O21: {=IF(OR($D21="",$E21=""),"",IF($N21<>"",$N21,IFERROR(WORKDAY.INTL(LOOKUP(2,1/(($D$2:D20=$D21)*ISNUMBER($P$2:P20)),$P$2:P20),1,"0000001",Holidays!$A$6:$A$55),"")))} -> 46277 | P21: =IF(OR(O21="",H21="",K21="",L21=""),"",IFERROR(WORKDAY.INTL(O21-1,MAX(1,ROUNDUP(H21/(K21*L21),0)),"0000001",Holidays!$A$6:$A$55),"-")) -> 46282 | Q21: =IF(P21="","",IFERROR(WORKDAY.INTL(P21,3,"0000001",Holidays!$A$6:$A$55),"-")) -> 46286 | R21: =IF(OR(J21="",P21=""),"",IFERROR(NETWORKDAYS.INTL(P21+1,J21,"0000001",Holidays!$A$6:$A$55),"-")) -> 1 | S21: =IF(O21="","",IFERROR(WORKDAY.INTL(O21,-10,"0000001",Holidays!$A$6:$A$55),"-")) -> 46266 | T21: =IF(OR(I21="",Q21=""),"",IF(Q21<=I21-4,1,0)) -> 1 | W21: =IF(OR($U21="",$V21="",$I21=""),"",IF(AND($U21<=$I21-4,$V21>=$F21),1,0))
B22: M7 | C22: 15 | D22: 4301 | E22: 7861895544 | F22: 2495 | G22: 0 | H22: =IF(OR(D22="",E22=""),"",IFERROR(F22-G22,"-")) -> 2495 | I22: 46295 | J22: =IF(I22="","",IFERROR(WORKDAY.INTL(I22,-10,"0000001",Holidays!$A$6:$A$55),"-")) -> 46283 | K22: 1 | L22: 850 | M22: =IF(OR(D22="",E22="",F22="",K22="",L22=""),"",IFERROR(ROUNDUP(H22/(K22*L22),0),"-")) -> 3 | O22: {=IF(OR($D22="",$E22=""),"",IF($N22<>"",$N22,IFERROR(WORKDAY.INTL(LOOKUP(2,1/(($D$2:D21=$D22)*ISNUMBER($P$2:P21)),$P$2:P21),1,"0000001",Holidays!$A$6:$A$55),"")))} -> 46283 | P22: =IF(OR(O22="",H22="",K22="",L22=""),"",IFERROR(WORKDAY.INTL(O22-1,MAX(1,ROUNDUP(H22/(K22*L22),0)),"0000001",Holidays!$A$6:$A$55),"-")) -> 46286 | Q22: =IF(P22="","",IFERROR(WORKDAY.INTL(P22,3,"0000001",Holidays!$A$6:$A$55),"-")) -> 46289 | R22: =IF(OR(J22="",P22=""),"",IFERROR(NETWORKDAYS.INTL(P22+1,J22,"0000001",Holidays!$A$6:$A$55),"-")) -> -4 | S22: =IF(O22="","",IFERROR(WORKDAY.INTL(O22,-10,"0000001",Holidays!$A$6:$A$55),"-")) -> 46272 | T22: =IF(OR(I22="",Q22=""),"",IF(Q22<=I22-4,1,0)) -> 1 | W22: =IF(OR($U22="",$V22="",$I22=""),"",IF(AND($U22<=$I22-4,$V22>=$F22),1,0))
B23: M7 | C23: 16 | D23: 4301 | E23: 7589302773 | F23: 926 | G23: 0 | H23: =IF(OR(D23="",E23=""),"",IFERROR(F23-G23,"-")) -> 926 | I23: 46304 | J23: =IF(I23="","",IFERROR(WORKDAY.INTL(I23,-10,"0000001",Holidays!$A$6:$A$55),"-")) -> 46291 | K23: 1 | L23: 850 | M23: =IF(OR(D23="",E23="",F23="",K23="",L23=""),"",IFERROR(ROUNDUP(H23/(K23*L23),0),"-")) -> 2 | O23: {=IF(OR($D23="",$E23=""),"",IF($N23<>"",$N23,IFERROR(WORKDAY.INTL(LOOKUP(2,1/(($D$2:D22=$D23)*ISNUMBER($P$2:P22)),$P$2:P22),1,"0000001",Holidays!$A$6:$A$55),"")))} -> 46287 | P23: =IF(OR(O23="",H23="",K23="",L23=""),"",IFERROR(WORKDAY.INTL(O23-1,MAX(1,ROUNDUP(H23/(K23*L23),0)),"0000001",Holidays!$A$6:$A$55),"-")) -> 46288 | Q23: =IF(P23="","",IFERROR(WORKDAY.INTL(P23,3,"0000001",Holidays!$A$6:$A$55),"-")) -> 46291 | R23: =IF(OR(J23="",P23=""),"",IFERROR(NETWORKDAYS.INTL(P23+1,J23,"0000001",Holidays!$A$6:$A$55),"-")) -> 3 | S23: =IF(O23="","",IFERROR(WORKDAY.INTL(O23,-10,"0000001",Holidays!$A$6:$A$55),"-")) -> 46275 | T23: =IF(OR(I23="",Q23=""),"",IF(Q23<=I23-4,1,0)) -> 1 | W23: =IF(OR($U23="",$V23="",$I23=""),"",IF(AND($U23<=$I23-4,$V23>=$F23),1,0))
B24: M8 | C24: 17 | D24: 4301 | E24: 7435315852 | F24: 544 | G24: 0 | H24: =IF(OR(D24="",E24=""),"",IFERROR(F24-G24,"-")) -> 544 | I24: 46328 | J24: =IF(I24="","",IFERROR(WORKDAY.INTL(I24,-10,"0000001",Holidays!$A$6:$A$55),"-")) -> 46316 | K24: 1 | L24: 850 | M24: =IF(OR(D24="",E24="",F24="",K24="",L24=""),"",IFERROR(ROUNDUP(H24/(K24*L24),0),"-")) -> 1 | N24: 46288 | O24: {=IF(OR($D24="",$E24=""),"",IF($N24<>"",$N24,IFERROR(WORKDAY.INTL(LOOKUP(2,1/(($D$2:D23=$D24)*ISNUMBER($P$2:P23)),$P$2:P23),1,"0000001",Holidays!$A$6:$A$55),"")))} -> 46288 | P24: =IF(OR(O24="",H24="",K24="",L24=""),"",IFERROR(WORKDAY.INTL(O24-1,MAX(1,ROUNDUP(H24/(K24*L24),0)),"0000001",Holidays!$A$6:$A$55),"-")) -> 46288 | Q24: =IF(P24="","",IFERROR(WORKDAY.INTL(P24,3,"0000001",Holidays!$A$6:$A$55),"-")) -> 46291 | R24: =IF(OR(J24="",P24=""),"",IFERROR(NETWORKDAYS.INTL(P24+1,J24,"0000001",Holidays!$A$6:$A$55),"-")) -> 22 | S24: =IF(O24="","",IFERROR(WORKDAY.INTL(O24,-10,"0000001",Holidays!$A$6:$A$55),"-")) -> 46276 | T24: =IF(OR(I24="",Q24=""),"",IF(Q24<=I24-4,1,0)) -> 1 | W24: =IF(OR($U24="",$V24="",$I24=""),"",IF(AND($U24<=$I24-4,$V24>=$F24),1,0))
B25: M8 | C25: 18 | D25: 4301 | E25: 7879518413 | F25: 6668 | G25: 0 | H25: =IF(OR(D25="",E25=""),"",IFERROR(F25-G25,"-")) -> 6668 | I25: 46318 | J25: =IF(I25="","",IFERROR(WORKDAY.INTL(I25,-10,"0000001",Holidays!$A$6:$A$55),"-")) -> 46305 | K25: 1 | L25: 850 | M25: =IF(OR(D25="",E25="",F25="",K25="",L25=""),"",IFERROR(ROUNDUP(H25/(K25*L25),0),"-")) -> 8 | O25: {=IF(OR($D25="",$E25=""),"",IF($N25<>"",$N25,IFERROR(WORKDAY.INTL(LOOKUP(2,1/(($D$2:D24=$D25)*ISNUMBER($P$2:P24)),$P$2:P24),1,"0000001",Holidays!$A$6:$A$55),"")))} -> 46289 | P25: =IF(OR(O25="",H25="",K25="",L25=""),"",IFERROR(WORKDAY.INTL(O25-1,MAX(1,ROUNDUP(H25/(K25*L25),0)),"0000001",Holidays!$A$6:$A$55),"-")) -> 46298 | Q25: =IF(P25="","",IFERROR(WORKDAY.INTL(P25,3,"0000001",Holidays!$A$6:$A$55),"-")) -> 46302 | R25: =IF(OR(J25="",P25=""),"",IFERROR(NETWORKDAYS.INTL(P25+1,J25,"0000001",Holidays!$A$6:$A$55),"-")) -> 6 | S25: =IF(O25="","",IFERROR(WORKDAY.INTL(O25,-10,"0000001",Holidays!$A$6:$A$55),"-")) -> 46277 | T25: =IF(OR(I25="",Q25=""),"",IF(Q25<=I25-4,1,0)) -> 1 | W25: =IF(OR($U25="",$V25="",$I25=""),"",IF(AND($U25<=$I25-4,$V25>=$F25),1,0))
B26: M8 | C26: 19 | D26: 4301 | E26: 7352175804 | F26: 2231 | G26: 0 | H26: =IF(OR(D26="",E26=""),"",IFERROR(F26-G26,"-")) -> 2231 | I26: 46318 | J26: =IF(I26="","",IFERROR(WORKDAY.INTL(I26,-10,"0000001",Holidays!$A$6:$A$55),"-")) -> 46305 | K26: 1 | L26: 850 | M26: =IF(OR(D26="",E26="",F26="",K26="",L26=""),"",IFERROR(ROUNDUP(H26/(K26*L26),0),"-")) -> 3 | O26: {=IF(OR($D26="",$E26=""),"",IF($N26<>"",$N26,IFERROR(WORKDAY.INTL(LOOKUP(2,1/(($D$2:D25=$D26)*ISNUMBER($P$2:P25)),$P$2:P25),1,"0000001",Holidays!$A$6:$A$55),"")))} -> 46300 | P26: =IF(OR(O26="",H26="",K26="",L26=""),"",IFERROR(WORKDAY.INTL(O26-1,MAX(1,ROUNDUP(H26/(K26*L26),0)),"0000001",Holidays!$A$6:$A$55),"-")) -> 46302 | Q26: =IF(P26="","",IFERROR(WORKDAY.INTL(P26,3,"0000001",Holidays!$A$6:$A$55),"-")) -> 46305 | R26: =IF(OR(J26="",P26=""),"",IFERROR(NETWORKDAYS.INTL(P26+1,J26,"0000001",Holidays!$A$6:$A$55),"-")) -> 3 | S26: =IF(O26="","",IFERROR(WORKDAY.INTL(O26,-10,"0000001",Holidays!$A$6:$A$55),"-")) -> 46287 | T26: =IF(OR(I26="",Q26=""),"",IF(Q26<=I26-4,1,0)) -> 1 | W26: =IF(OR($U26="",$V26="",$I26=""),"",IF(AND($U26<=$I26-4,$V26>=$F26),1,0))
B27: M8 | C27: 20 | D27: 4301 | E27: 7345360217 | F27: 2796 | G27: 0 | H27: =IF(OR(D27="",E27=""),"",IFERROR(F27-G27,"-")) -> 2796 | I27: 46318 | J27: =IF(I27="","",IFERROR(WORKDAY.INTL(I27,-10,"0000001",Holidays!$A$6:$A$55),"-")) -> 46305 | K27: 1 | L27: 850 | M27: =IF(OR(D27="",E27="",F27="",K27="",L27=""),"",IFERROR(ROUNDUP(H27/(K27*L27),0),"-")) -> 4 | O27: {=IF(OR($D27="",$E27=""),"",IF($N27<>"",$N27,IFERROR(WORKDAY.INTL(LOOKUP(2,1/(($D$2:D26=$D27)*ISNUMBER($P$2:P26)),$P$2:P26),1,"0000001",Holidays!$A$6:$A$55),"")))} -> 46303 | P27: =IF(OR(O27="",H27="",K27="",L27=""),"",IFERROR(WORKDAY.INTL(O27-1,MAX(1,ROUNDUP(H27/(K27*L27),0)),"0000001",Holidays!$A$6:$A$55),"-")) -> 46307 | Q27: =IF(P27="","",IFERROR(WORKDAY.INTL(P27,3,"0000001",Holidays!$A$6:$A$55),"-")) -> 46310 | R27: =IF(OR(J27="",P27=""),"",IFERROR(NETWORKDAYS.INTL(P27+1,J27,"0000001",Holidays!$A$6:$A$55),"-")) -> -3 | S27: =IF(O27="","",IFERROR(WORKDAY.INTL(O27,-10,"0000001",Holidays!$A$6:$A$55),"-")) -> 46290 | T27: =IF(OR(I27="",Q27=""),"",IF(Q27<=I27-4,1,0)) -> 1 | W27: =IF(OR($U27="",$V27="",$I27=""),"",IF(AND($U27<=$I27-4,$V27>=$F27),1,0))
B28: M9 | C28: 21 | D28: 4301 | E28: 7170179588 | F28: 3145 | G28: 0 | H28: =IF(OR(D28="",E28=""),"",IFERROR(F28-G28,"-")) -> 3145 | I28: 46348 | J28: =IF(I28="","",IFERROR(WORKDAY.INTL(I28,-10,"0000001",Holidays!$A$6:$A$55),"-")) -> 46336 | K28: 1 | L28: 850 | M28: =IF(OR(D28="",E28="",F28="",K28="",L28=""),"",IFERROR(ROUNDUP(H28/(K28*L28),0),"-")) -> 4 | N28: 46307 | O28: {=IF(OR($D28="",$E28=""),"",IF($N28<>"",$N28,IFERROR(WORKDAY.INTL(LOOKUP(2,1/(($D$2:D27=$D28)*ISNUMBER($P$2:P27)),$P$2:P27),1,"0000001",Holidays!$A$6:$A$55),"")))} -> 46307 | P28: =IF(OR(O28="",H28="",K28="",L28=""),"",IFERROR(WORKDAY.INTL(O28-1,MAX(1,ROUNDUP(H28/(K28*L28),0)),"0000001",Holidays!$A$6:$A$55),"-")) -> 46310 | Q28: =IF(P28="","",IFERROR(WORKDAY.INTL(P28,3,"0000001",Holidays!$A$6:$A$55),"-")) -> 46314 | R28: =IF(OR(J28="",P28=""),"",IFERROR(NETWORKDAYS.INTL(P28+1,J28,"0000001",Holidays!$A$6:$A$55),"-")) -> 20 | S28: =IF(O28="","",IFERROR(WORKDAY.INTL(O28,-10,"0000001",Holidays!$A$6:$A$55),"-")) -> 46294 | T28: =IF(OR(I28="",Q28=""),"",IF(Q28<=I28-4,1,0)) -> 1 | W28: =IF(OR($U28="",$V28="",$I28=""),"",IF(AND($U28<=$I28-4,$V28>=$F28),1,0))
B29: M9 | C29: 22 | D29: 4301 | E29: 7881088803 | F29: 1708 | G29: 0 | H29: =IF(OR(D29="",E29=""),"",IFERROR(F29-G29,"-")) -> 1708 | I29: 46356 | J29: =IF(I29="","",IFERROR(WORKDAY.INTL(I29,-10,"0000001",Holidays!$A$6:$A$55),"-")) -> 46344 | K29: 1 | L29: 850 | M29: =IF(OR(D29="",E29="",F29="",K29="",L29=""),"",IFERROR(ROUNDUP(H29/(K29*L29),0),"-")) -> 3 | O29: {=IF(OR($D29="",$E29=""),"",IF($N29<>"",$N29,IFERROR(WORKDAY.INTL(LOOKUP(2,1/(($D$2:D28=$D29)*ISNUMBER($P$2:P28)),$P$2:P28),1,"0000001",Holidays!$A$6:$A$55),"")))} -> 46311 | P29: =IF(OR(O29="",H29="",K29="",L29=""),"",IFERROR(WORKDAY.INTL(O29-1,MAX(1,ROUNDUP(H29/(K29*L29),0)),"0000001",Holidays!$A$6:$A$55),"-")) -> 46314 | Q29: =IF(P29="","",IFERROR(WORKDAY.INTL(P29,3,"0000001",Holidays!$A$6:$A$55),"-")) -> 46318 | R29: =IF(OR(J29="",P29=""),"",IFERROR(NETWORKDAYS.INTL(P29+1,J29,"0000001",Holidays!$A$6:$A$55),"-")) -> 23 | S29: =IF(O29="","",IFERROR(WORKDAY.INTL(O29,-10,"0000001",Holidays!$A$6:$A$55),"-")) -> 46300 | T29: =IF(OR(I29="",Q29=""),"",IF(Q29<=I29-4,1,0)) -> 1 | W29: =IF(OR($U29="",$V29="",$I29=""),"",IF(AND($U29<=$I29-4,$V29>=$F29),1,0))
B30: M5 | C30: 1 | D30: 6820 | E30: 7232615519 | F30: 64328 | G30: 64328 | H30: =IF(OR(D30="",E30=""),"",IFERROR(F30-G30,"-")) -> 0 | I30: 46241 | J30: =IF(I30="","",IFERROR(WORKDAY.INTL(I30,-10,"0000001",Holidays!$A$6:$A$55),"-")) -> 46230 | M30: =IF(OR(D30="",E30="",F30="",K30="",L30=""),"",IFERROR(ROUNDUP(H30/(K30*L30),0),"-")) | N30: Close | O30: {=IF(OR($D30="",$E30=""),"",IF($N30<>"",$N30,IFERROR(WORKDAY.INTL(LOOKUP(2,1/(($D$2:D29=$D30)*ISNUMBER($P$2:P29)),$P$2:P29),1,"0000001",Holidays!$A$6:$A$55),"")))} -> Close | P30: =IF(OR(O30="",H30="",K30="",L30=""),"",IFERROR(WORKDAY.INTL(O30-1,MAX(1,ROUNDUP(H30/(K30*L30),0)),"0000001",Holidays!$A$6:$A$55),"-")) | Q30: =IF(P30="","",IFERROR(WORKDAY.INTL(P30,3,"0000001",Holidays!$A$6:$A$55),"-")) | R30: =IF(OR(J30="",P30=""),"",IFERROR(NETWORKDAYS.INTL(P30+1,J30,"0000001",Holidays!$A$6:$A$55),"-")) | S30: =IF(O30="","",IFERROR(WORKDAY.INTL(O30,-10,"0000001",Holidays!$A$6:$A$55),"-")) -> - | T30: =IF(OR(I30="",Q30=""),"",IF(Q30<=I30-4,1,0)) | W30: =IF(OR($U30="",$V30="",$I30=""),"",IF(AND($U30<=$I30-4,$V30>=$F30),1,0))
B31: M5 | C31: 2 | D31: 6820 | E31: 7121610466 | F31: 63716 | G31: 63716 | H31: =IF(OR(D31="",E31=""),"",IFERROR(F31-G31,"-")) -> 0 | I31: 46241 | J31: =IF(I31="","",IFERROR(WORKDAY.INTL(I31,-10,"0000001",Holidays!$A$6:$A$55),"-")) -> 46230 | M31: =IF(OR(D31="",E31="",F31="",K31="",L31=""),"",IFERROR(ROUNDUP(H31/(K31*L31),0),"-")) | N31: Close | O31: {=IF(OR($D31="",$E31=""),"",IF($N31<>"",$N31,IFERROR(WORKDAY.INTL(LOOKUP(2,1/(($D$2:D30=$D31)*ISNUMBER($P$2:P30)),$P$2:P30),1,"0000001",Holidays!$A$6:$A$55),"")))} -> Close | P31: =IF(OR(O31="",H31="",K31="",L31=""),"",IFERROR(WORKDAY.INTL(O31-1,MAX(1,ROUNDUP(H31/(K31*L31),0)),"0000001",Holidays!$A$6:$A$55),"-")) | Q31: =IF(P31="","",IFERROR(WORKDAY.INTL(P31,3,"0000001",Holidays!$A$6:$A$55),"-")) | R31: =IF(OR(J31="",P31=""),"",IFERROR(NETWORKDAYS.INTL(P31+1,J31,"0000001",Holidays!$A$6:$A$55),"-")) | S31: =IF(O31="","",IFERROR(WORKDAY.INTL(O31,-10,"0000001",Holidays!$A$6:$A$55),"-")) -> - | T31: =IF(OR(I31="",Q31=""),"",IF(Q31<=I31-4,1,0)) | W31: =IF(OR($U31="",$V31="",$I31=""),"",IF(AND($U31<=$I31-4,$V31>=$F31),1,0))
B32: M6 | C32: 3 | D32: 6820 | E32: 7161255896 | F32: 51544 | G32: 51544 | H32: =IF(OR(D32="",E32=""),"",IFERROR(F32-G32,"-")) -> 0 | I32: 46268 | J32: =IF(I32="","",IFERROR(WORKDAY.INTL(I32,-10,"0000001",Holidays!$A$6:$A$55),"-")) -> 46255 | M32: =IF(OR(D32="",E32="",F32="",K32="",L32=""),"",IFERROR(ROUNDUP(H32/(K32*L32),0),"-")) | N32: Close | O32: {=IF(OR($D32="",$E32=""),"",IF($N32<>"",$N32,IFERROR(WORKDAY.INTL(LOOKUP(2,1/(($D$2:D31=$D32)*ISNUMBER($P$2:P31)),$P$2:P31),1,"0000001",Holidays!$A$6:$A$55),"")))} -> Close | P32: =IF(OR(O32="",H32="",K32="",L32=""),"",IFERROR(WORKDAY.INTL(O32-1,MAX(1,ROUNDUP(H32/(K32*L32),0)),"0000001",Holidays!$A$6:$A$55),"-")) | Q32: =IF(P32="","",IFERROR(WORKDAY.INTL(P32,3,"0000001",Holidays!$A$6:$A$55),"-")) | R32: =IF(OR(J32="",P32=""),"",IFERROR(NETWORKDAYS.INTL(P32+1,J32,"0000001",Holidays!$A$6:$A$55),"-")) | S32: =IF(O32="","",IFERROR(WORKDAY.INTL(O32,-10,"0000001",Holidays!$A$6:$A$55),"-")) -> - | T32: =IF(OR(I32="",Q32=""),"",IF(Q32<=I32-4,1,0)) | W32: =IF(OR($U32="",$V32="",$I32=""),"",IF(AND($U32<=$I32-4,$V32>=$F32),1,0))
B33: M6 | C33: 4 | D33: 6820 | E33: 7330599164 | F33: 51136 | G33: 51136 | H33: =IF(OR(D33="",E33=""),"",IFERROR(F33-G33,"-")) -> 0 | I33: 46268 | J33: =IF(I33="","",IFERROR(WORKDAY.INTL(I33,-10,"0000001",Holidays!$A$6:$A$55),"-")) -> 46255 | M33: =IF(OR(D33="",E33="",F33="",K33="",L33=""),"",IFERROR(ROUNDUP(H33/(K33*L33),0),"-")) | N33: Close | O33: {=IF(OR($D33="",$E33=""),"",IF($N33<>"",$N33,IFERROR(WORKDAY.INTL(LOOKUP(2,1/(($D$2:D32=$D33)*ISNUMBER($P$2:P32)),$P$2:P32),1,"0000001",Holidays!$A$6:$A$55),"")))} -> Close | P33: =IF(OR(O33="",H33="",K33="",L33=""),"",IFERROR(WORKDAY.INTL(O33-1,MAX(1,ROUNDUP(H33/(K33*L33),0)),"0000001",Holidays!$A$6:$A$55),"-")) | Q33: =IF(P33="","",IFERROR(WORKDAY.INTL(P33,3,"0000001",Holidays!$A$6:$A$55),"-")) | R33: =IF(OR(J33="",P33=""),"",IFERROR(NETWORKDAYS.INTL(P33+1,J33,"0000001",Holidays!$A$6:$A$55),"-")) | S33: =IF(O33="","",IFERROR(WORKDAY.INTL(O33,-10,"0000001",Holidays!$A$6:$A$55),"-")) -> - | T33: =IF(OR(I33="",Q33=""),"",IF(Q33<=I33-4,1,0)) | W33: =IF(OR($U33="",$V33="",$I33=""),"",IF(AND($U33<=$I33-4,$V33>=$F33),1,0))
B34: M7 | C34: 5 | D34: 6820 | E34: 7447514654 | F34: 59330 | G34: 44573 | H34: =IF(OR(D34="",E34=""),"",IFERROR(F34-G34,"-")) -> 14757 | I34: 46302 | J34: =IF(I34="","",IFERROR(WORKDAY.INTL(I34,-10,"0000001",Holidays!$A$6:$A$55),"-")) -> 46289 | K34: 1 | L34: 4250 | M34: =IF(OR(D34="",E34="",F34="",K34="",L34=""),"",IFERROR(ROUNDUP(H34/(K34*L34),0),"-")) -> 4 | N34: 46247 | O34: {=IF(OR($D34="",$E34=""),"",IF($N34<>"",$N34,IFERROR(WORKDAY.INTL(LOOKUP(2,1/(($D$2:D33=$D34)*ISNUMBER($P$2:P33)),$P$2:P33),1,"0000001",Holidays!$A$6:$A$55),"")))} -> 46247 | P34: =IF(OR(O34="",H34="",K34="",L34=""),"",IFERROR(WORKDAY.INTL(O34-1,MAX(1,ROUNDUP(H34/(K34*L34),0)),"0000001",Holidays!$A$6:$A$55),"-")) -> 46252 | Q34: =IF(P34="","",IFERROR(WORKDAY.INTL(P34,3,"0000001",Holidays!$A$6:$A$55),"-")) -> 46255 | R34: =IF(OR(J34="",P34=""),"",IFERROR(NETWORKDAYS.INTL(P34+1,J34,"0000001",Holidays!$A$6:$A$55),"-")) -> 31 | S34: =IF(O34="","",IFERROR(WORKDAY.INTL(O34,-10,"0000001",Holidays!$A$6:$A$55),"-")) -> 46235 | T34: =IF(OR(I34="",Q34=""),"",IF(Q34<=I34-4,1,0)) -> 1 | W34: =IF(OR($U34="",$V34="",$I34=""),"",IF(AND($U34<=$I34-4,$V34>=$F34),1,0))
B35: M7 | C35: 6 | D35: 6820 | E35: 7170997977 | F35: 41922 | G35: 0 | H35: =IF(OR(D35="",E35=""),"",IFERROR(F35-G35,"-")) -> 41922 | I35: 46302 | J35: =IF(I35="","",IFERROR(WORKDAY.INTL(I35,-10,"0000001",Holidays!$A$6:$A$55),"-")) -> 46289 | K35: 1 | L35: 4250 | M35: =IF(OR(D35="",E35="",F35="",K35="",L35=""),"",IFERROR(ROUNDUP(H35/(K35*L35),0),"-")) -> 10 | N35: 46260 | O35: {=IF(OR($D35="",$E35=""),"",IF($N35<>"",$N35,IFERROR(WORKDAY.INTL(LOOKUP(2,1/(($D$2:D34=$D35)*ISNUMBER($P$2:P34)),$P$2:P34),1,"0000001",Holidays!$A$6:$A$55),"")))} -> 46260 | P35: =IF(OR(O35="",H35="",K35="",L35=""),"",IFERROR(WORKDAY.INTL(O35-1,MAX(1,ROUNDUP(H35/(K35*L35),0)),"0000001",Holidays!$A$6:$A$55),"-")) -> 46272 | Q35: =IF(P35="","",IFERROR(WORKDAY.INTL(P35,3,"0000001",Holidays!$A$6:$A$55),"-")) -> 46275 | R35: =IF(OR(J35="",P35=""),"",IFERROR(NETWORKDAYS.INTL(P35+1,J35,"0000001",Holidays!$A$6:$A$55),"-")) -> 15 | S35: =IF(O35="","",IFERROR(WORKDAY.INTL(O35,-10,"0000001",Holidays!$A$6:$A$55),"-")) -> 46247 | T35: =IF(OR(I35="",Q35=""),"",IF(Q35<=I35-4,1,0)) -> 1 | W35: =IF(OR($U35="",$V35="",$I35=""),"",IF(AND($U35<=$I35-4,$V35>=$F35),1,0))
B36: M5 | C36: 1 | D36: RS26 | E36: 7627387866 | F36: 18062 | G36: 18062 | H36: =IF(OR(D36="",E36=""),"",IFERROR(F36-G36,"-")) -> 0 | I36: 46247 | J36: =IF(I36="","",IFERROR(WORKDAY.INTL(I36,-10,"0000001",Holidays!$A$6:$A$55),"-")) -> 46235 | M36: =IF(OR(D36="",E36="",F36="",K36="",L36=""),"",IFERROR(ROUNDUP(H36/(K36*L36),0),"-")) | N36: Close | O36: {=IF(OR($D36="",$E36=""),"",IF($N36<>"",$N36,IFERROR(WORKDAY.INTL(LOOKUP(2,1/(($D$2:D35=$D36)*ISNUMBER($P$2:P35)),$P$2:P35),1,"0000001",Holidays!$A$6:$A$55),"")))} -> Close | P36: =IF(OR(O36="",H36="",K36="",L36=""),"",IFERROR(WORKDAY.INTL(O36-1,MAX(1,ROUNDUP(H36/(K36*L36),0)),"0000001",Holidays!$A$6:$A$55),"-")) | Q36: =IF(P36="","",IFERROR(WORKDAY.INTL(P36,3,"0000001",Holidays!$A$6:$A$55),"-")) | R36: =IF(OR(J36="",P36=""),"",IFERROR(NETWORKDAYS.INTL(P36+1,J36,"0000001",Holidays!$A$6:$A$55),"-")) | S36: =IF(O36="","",IFERROR(WORKDAY.INTL(O36,-10,"0000001",Holidays!$A$6:$A$55),"-")) -> - | T36: =IF(OR(I36="",Q36=""),"",IF(Q36<=I36-4,1,0)) | W36: =IF(OR($U36="",$V36="",$I36=""),"",IF(AND($U36<=$I36-4,$V36>=$F36),1,0))
B37: M5 | C37: 2 | D37: RS26 | E37: 7644351419 | F37: 5453 | G37: 5453 | H37: =IF(OR(D37="",E37=""),"",IFERROR(F37-G37,"-")) -> 0 | I37: 46247 | J37: =IF(I37="","",IFERROR(WORKDAY.INTL(I37,-10,"0000001",Holidays!$A$6:$A$55),"-")) -> 46235 | M37: =IF(OR(D37="",E37="",F37="",K37="",L37=""),"",IFERROR(ROUNDUP(H37/(K37*L37),0),"-")) | N37: Close | O37: {=IF(OR($D37="",$E37=""),"",IF($N37<>"",$N37,IFERROR(WORKDAY.INTL(LOOKUP(2,1/(($D$2:D36=$D37)*ISNUMBER($P$2:P36)),$P$2:P36),1,"0000001",Holidays!$A$6:$A$55),"")))} -> Close | P37: =IF(OR(O37="",H37="",K37="",L37=""),"",IFERROR(WORKDAY.INTL(O37-1,MAX(1,ROUNDUP(H37/(K37*L37),0)),"0000001",Holidays!$A$6:$A$55),"-")) | Q37: =IF(P37="","",IFERROR(WORKDAY.INTL(P37,3,"0000001",Holidays!$A$6:$A$55),"-")) | R37: =IF(OR(J37="",P37=""),"",IFERROR(NETWORKDAYS.INTL(P37+1,J37,"0000001",Holidays!$A$6:$A$55),"-")) | S37: =IF(O37="","",IFERROR(WORKDAY.INTL(O37,-10,"0000001",Holidays!$A$6:$A$55),"-")) -> - | T37: =IF(OR(I37="",Q37=""),"",IF(Q37<=I37-4,1,0)) | W37: =IF(OR($U37="",$V37="",$I37=""),"",IF(AND($U37<=$I37-4,$V37>=$F37),1,0))
B38: M5 | C38: 3 | D38: RS26 | E38: 7143748653 | F38: 5958 | G38: 5958 | H38: =IF(OR(D38="",E38=""),"",IFERROR(F38-G38,"-")) -> 0 | I38: 46247 | J38: =IF(I38="","",IFERROR(WORKDAY.INTL(I38,-10,"0000001",Holidays!$A$6:$A$55),"-")) -> 46235 | M38: =IF(OR(D38="",E38="",F38="",K38="",L38=""),"",IFERROR(ROUNDUP(H38/(K38*L38),0),"-")) | N38: Close | O38: {=IF(OR($D38="",$E38=""),"",IF($N38<>"",$N38,IFERROR(WORKDAY.INTL(LOOKUP(2,1/(($D$2:D37=$D38)*ISNUMBER($P$2:P37)),$P$2:P37),1,"0000001",Holidays!$A$6:$A$55),"")))} -> Close | P38: =IF(OR(O38="",H38="",K38="",L38=""),"",IFERROR(WORKDAY.INTL(O38-1,MAX(1,ROUNDUP(H38/(K38*L38),0)),"0000001",Holidays!$A$6:$A$55),"-")) | Q38: =IF(P38="","",IFERROR(WORKDAY.INTL(P38,3,"0000001",Holidays!$A$6:$A$55),"-")) | R38: =IF(OR(J38="",P38=""),"",IFERROR(NETWORKDAYS.INTL(P38+1,J38,"0000001",Holidays!$A$6:$A$55),"-")) | S38: =IF(O38="","",IFERROR(WORKDAY.INTL(O38,-10,"0000001",Holidays!$A$6:$A$55),"-")) -> - | T38: =IF(OR(I38="",Q38=""),"",IF(Q38<=I38-4,1,0)) | W38: =IF(OR($U38="",$V38="",$I38=""),"",IF(AND($U38<=$I38-4,$V38>=$F38),1,0))
B39: M5 | C39: 4 | D39: RS26 | E39: 7704849162 | F39: 5504 | G39: 5504 | H39: =IF(OR(D39="",E39=""),"",IFERROR(F39-G39,"-")) -> 0 | I39: 46247 | J39: =IF(I39="","",IFERROR(WORKDAY.INTL(I39,-10,"0000001",Holidays!$A$6:$A$55),"-")) -> 46235 | M39: =IF(OR(D39="",E39="",F39="",K39="",L39=""),"",IFERROR(ROUNDUP(H39/(K39*L39),0),"-")) | N39: Close | O39: {=IF(OR($D39="",$E39=""),"",IF($N39<>"",$N39,IFERROR(WORKDAY.INTL(LOOKUP(2,1/(($D$2:D38=$D39)*ISNUMBER($P$2:P38)),$P$2:P38),1,"0000001",Holidays!$A$6:$A$55),"")))} -> Close | P39: =IF(OR(O39="",H39="",K39="",L39=""),"",IFERROR(WORKDAY.INTL(O39-1,MAX(1,ROUNDUP(H39/(K39*L39),0)),"0000001",Holidays!$A$6:$A$55),"-")) | Q39: =IF(P39="","",IFERROR(WORKDAY.INTL(P39,3,"0000001",Holidays!$A$6:$A$55),"-")) | R39: =IF(OR(J39="",P39=""),"",IFERROR(NETWORKDAYS.INTL(P39+1,J39,"0000001",Holidays!$A$6:$A$55),"-")) | S39: =IF(O39="","",IFERROR(WORKDAY.INTL(O39,-10,"0000001",Holidays!$A$6:$A$55),"-")) -> - | T39: =IF(OR(I39="",Q39=""),"",IF(Q39<=I39-4,1,0)) | W39: =IF(OR($U39="",$V39="",$I39=""),"",IF(AND($U39<=$I39-4,$V39>=$F39),1,0))
B40: M5 | C40: 5 | D40: RS26 | E40: 7493971231 | F40: 9524 | G40: 9524 | H40: =IF(OR(D40="",E40=""),"",IFERROR(F40-G40,"-")) -> 0 | I40: 46251 | J40: =IF(I40="","",IFERROR(WORKDAY.INTL(I40,-10,"0000001",Holidays!$A$6:$A$55),"-")) -> 46238 | M40: =IF(OR(D40="",E40="",F40="",K40="",L40=""),"",IFERROR(ROUNDUP(H40/(K40*L40),0),"-")) | N40: Close | O40: {=IF(OR($D40="",$E40=""),"",IF($N40<>"",$N40,IFERROR(WORKDAY.INTL(LOOKUP(2,1/(($D$2:D39=$D40)*ISNUMBER($P$2:P39)),$P$2:P39),1,"0000001",Holidays!$A$6:$A$55),"")))} -> Close | P40: =IF(OR(O40="",H40="",K40="",L40=""),"",IFERROR(WORKDAY.INTL(O40-1,MAX(1,ROUNDUP(H40/(K40*L40),0)),"0000001",Holidays!$A$6:$A$55),"-")) | Q40: =IF(P40="","",IFERROR(WORKDAY.INTL(P40,3,"0000001",Holidays!$A$6:$A$55),"-")) | R40: =IF(OR(J40="",P40=""),"",IFERROR(NETWORKDAYS.INTL(P40+1,J40,"0000001",Holidays!$A$6:$A$55),"-")) | S40: =IF(O40="","",IFERROR(WORKDAY.INTL(O40,-10,"0000001",Holidays!$A$6:$A$55),"-")) -> - | T40: =IF(OR(I40="",Q40=""),"",IF(Q40<=I40-4,1,0)) | W40: =IF(OR($U40="",$V40="",$I40=""),"",IF(AND($U40<=$I40-4,$V40>=$F40),1,0))
B41: M5 | C41: 6 | D41: RS26 | E41: 7533133898 | F41: 4467 | G41: 4467 | H41: =IF(OR(D41="",E41=""),"",IFERROR(F41-G41,"-")) -> 0 | I41: 46251 | J41: =IF(I41="","",IFERROR(WORKDAY.INTL(I41,-10,"0000001",Holidays!$A$6:$A$55),"-")) -> 46238 | M41: =IF(OR(D41="",E41="",F41="",K41="",L41=""),"",IFERROR(ROUNDUP(H41/(K41*L41),0),"-")) | N41: Close | O41: {=IF(OR($D41="",$E41=""),"",IF($N41<>"",$N41,IFERROR(WORKDAY.INTL(LOOKUP(2,1/(($D$2:D40=$D41)*ISNUMBER($P$2:P40)),$P$2:P40),1,"0000001",Holidays!$A$6:$A$55),"")))} -> Close | P41: =IF(OR(O41="",H41="",K41="",L41=""),"",IFERROR(WORKDAY.INTL(O41-1,MAX(1,ROUNDUP(H41/(K41*L41),0)),"0000001",Holidays!$A$6:$A$55),"-")) | Q41: =IF(P41="","",IFERROR(WORKDAY.INTL(P41,3,"0000001",Holidays!$A$6:$A$55),"-")) | R41: =IF(OR(J41="",P41=""),"",IFERROR(NETWORKDAYS.INTL(P41+1,J41,"0000001",Holidays!$A$6:$A$55),"-")) | S41: =IF(O41="","",IFERROR(WORKDAY.INTL(O41,-10,"0000001",Holidays!$A$6:$A$55),"-")) -> - | T41: =IF(OR(I41="",Q41=""),"",IF(Q41<=I41-4,1,0)) | W41: =IF(OR($U41="",$V41="",$I41=""),"",IF(AND($U41<=$I41-4,$V41>=$F41),1,0))
B42: M5 | C42: 7 | D42: RS26 | E42: 7502906215 | F42: 3961 | G42: 3961 | H42: =IF(OR(D42="",E42=""),"",IFERROR(F42-G42,"-")) -> 0 | I42: 46251 | J42: =IF(I42="","",IFERROR(WORKDAY.INTL(I42,-10,"0000001",Holidays!$A$6:$A$55),"-")) -> 46238 | M42: =IF(OR(D42="",E42="",F42="",K42="",L42=""),"",IFERROR(ROUNDUP(H42/(K42*L42),0),"-")) | N42: Close | O42: {=IF(OR($D42="",$E42=""),"",IF($N42<>"",$N42,IFERROR(WORKDAY.INTL(LOOKUP(2,1/(($D$2:D41=$D42)*ISNUMBER($P$2:P41)),$P$2:P41),1,"0000001",Holidays!$A$6:$A$55),"")))} -> Close | P42: =IF(OR(O42="",H42="",K42="",L42=""),"",IFERROR(WORKDAY.INTL(O42-1,MAX(1,ROUNDUP(H42/(K42*L42),0)),"0000001",Holidays!$A$6:$A$55),"-")) | Q42: =IF(P42="","",IFERROR(WORKDAY.INTL(P42,3,"0000001",Holidays!$A$6:$A$55),"-")) | R42: =IF(OR(J42="",P42=""),"",IFERROR(NETWORKDAYS.INTL(P42+1,J42,"0000001",Holidays!$A$6:$A$55),"-")) | S42: =IF(O42="","",IFERROR(WORKDAY.INTL(O42,-10,"0000001",Holidays!$A$6:$A$55),"-")) -> - | T42: =IF(OR(I42="",Q42=""),"",IF(Q42<=I42-4,1,0)) | W42: =IF(OR($U42="",$V42="",$I42=""),"",IF(AND($U42<=$I42-4,$V42>=$F42),1,0))
B43: M5 | C43: 8 | D43: RS26 | E43: 7294446425 | F43: 4752 | G43: 4752 | H43: =IF(OR(D43="",E43=""),"",IFERROR(F43-G43,"-")) -> 0 | I43: 46251 | J43: =IF(I43="","",IFERROR(WORKDAY.INTL(I43,-10,"0000001",Holidays!$A$6:$A$55),"-")) -> 46238 | M43: =IF(OR(D43="",E43="",F43="",K43="",L43=""),"",IFERROR(ROUNDUP(H43/(K43*L43),0),"-")) | N43: Close | O43: {=IF(OR($D43="",$E43=""),"",IF($N43<>"",$N43,IFERROR(WORKDAY.INTL(LOOKUP(2,1/(($D$2:D42=$D43)*ISNUMBER($P$2:P42)),$P$2:P42),1,"0000001",Holidays!$A$6:$A$55),"")))} -> Close | P43: =IF(OR(O43="",H43="",K43="",L43=""),"",IFERROR(WORKDAY.INTL(O43-1,MAX(1,ROUNDUP(H43/(K43*L43),0)),"0000001",Holidays!$A$6:$A$55),"-")) | Q43: =IF(P43="","",IFERROR(WORKDAY.INTL(P43,3,"0000001",Holidays!$A$6:$A$55),"-")) | R43: =IF(OR(J43="",P43=""),"",IFERROR(NETWORKDAYS.INTL(P43+1,J43,"0000001",Holidays!$A$6:$A$55),"-")) | S43: =IF(O43="","",IFERROR(WORKDAY.INTL(O43,-10,"0000001",Holidays!$A$6:$A$55),"-")) -> - | T43: =IF(OR(I43="",Q43=""),"",IF(Q43<=I43-4,1,0)) | W43: =IF(OR($U43="",$V43="",$I43=""),"",IF(AND($U43<=$I43-4,$V43>=$F43),1,0))
B44: M6 | C44: 9 | D44: RS26 | E44: 7977288978 | F44: 26533 | G44: 13695 | H44: =IF(OR(D44="",E44=""),"",IFERROR(F44-G44,"-")) -> 12838 | I44: 46283 | J44: =IF(I44="","",IFERROR(WORKDAY.INTL(I44,-10,"0000001",Holidays!$A$6:$A$55),"-")) -> 46272 | K44: 2 | L44: 2975 | M44: =IF(OR(D44="",E44="",F44="",K44="",L44=""),"",IFERROR(ROUNDUP(H44/(K44*L44),0),"-")) -> 3 | N44: 46247 | O44: {=IF(OR($D44="",$E44=""),"",IF($N44<>"",$N44,IFERROR(WORKDAY.INTL(LOOKUP(2,1/(($D$2:D43=$D44)*ISNUMBER($P$2:P43)),$P$2:P43),1,"0000001",Holidays!$A$6:$A$55),"")))} -> 46247 | P44: =IF(OR(O44="",H44="",K44="",L44=""),"",IFERROR(WORKDAY.INTL(O44-1,MAX(1,ROUNDUP(H44/(K44*L44),0)),"0000001",Holidays!$A$6:$A$55),"-")) -> 46251 | Q44: =IF(P44="","",IFERROR(WORKDAY.INTL(P44,3,"0000001",Holidays!$A$6:$A$55),"-")) -> 46254 | R44: =IF(OR(J44="",P44=""),"",IFERROR(NETWORKDAYS.INTL(P44+1,J44,"0000001",Holidays!$A$6:$A$55),"-")) -> 17 | S44: =IF(O44="","",IFERROR(WORKDAY.INTL(O44,-10,"0000001",Holidays!$A$6:$A$55),"-")) -> 46235 | T44: =IF(OR(I44="",Q44=""),"",IF(Q44<=I44-4,1,0)) -> 1 | W44: =IF(OR($U44="",$V44="",$I44=""),"",IF(AND($U44<=$I44-4,$V44>=$F44),1,0))
B45: M6 | C45: 10 | D45: RS26 | E45: 7702083978 | F45: 18883 | G45: 0 | H45: =IF(OR(D45="",E45=""),"",IFERROR(F45-G45,"-")) -> 18883 | I45: 46283 | J45: =IF(I45="","",IFERROR(WORKDAY.INTL(I45,-10,"0000001",Holidays!$A$6:$A$55),"-")) -> 46272 | K45: 2 | L45: 2975 | M45: =IF(OR(D45="",E45="",F45="",K45="",L45=""),"",IFERROR(ROUNDUP(H45/(K45*L45),0),"-")) -> 4 | N45: 46254 | O45: {=IF(OR($D45="",$E45=""),"",IF($N45<>"",$N45,IFERROR(WORKDAY.INTL(LOOKUP(2,1/(($D$2:D44=$D45)*ISNUMBER($P$2:P44)),$P$2:P44),1,"0000001",Holidays!$A$6:$A$55),"")))} -> 46254 | P45: =IF(OR(O45="",H45="",K45="",L45=""),"",IFERROR(WORKDAY.INTL(O45-1,MAX(1,ROUNDUP(H45/(K45*L45),0)),"0000001",Holidays!$A$6:$A$55),"-")) -> 46258 | Q45: =IF(P45="","",IFERROR(WORKDAY.INTL(P45,3,"0000001",Holidays!$A$6:$A$55),"-")) -> 46261 | R45: =IF(OR(J45="",P45=""),"",IFERROR(NETWORKDAYS.INTL(P45+1,J45,"0000001",Holidays!$A$6:$A$55),"-")) -> 11 | S45: =IF(O45="","",IFERROR(WORKDAY.INTL(O45,-10,"0000001",Holidays!$A$6:$A$55),"-")) -> 46241 | T45: =IF(OR(I45="",Q45=""),"",IF(Q45<=I45-4,1,0)) -> 1 | W45: =IF(OR($U45="",$V45="",$I45=""),"",IF(AND($U45<=$I45-4,$V45>=$F45),1,0))
B46: M6 | C46: 11 | D46: RS26 | E46: 7685354228 | F46: 20366 | G46: 0 | H46: =IF(OR(D46="",E46=""),"",IFERROR(F46-G46,"-")) -> 20366 | I46: 46283 | J46: =IF(I46="","",IFERROR(WORKDAY.INTL(I46,-10,"0000001",Holidays!$A$6:$A$55),"-")) -> 46272 | K46: 2 | L46: 2975 | M46: =IF(OR(D46="",E46="",F46="",K46="",L46=""),"",IFERROR(ROUNDUP(H46/(K46*L46),0),"-")) -> 4 | O46: {=IF(OR($D46="",$E46=""),"",IF($N46<>"",$N46,IFERROR(WORKDAY.INTL(LOOKUP(2,1/(($D$2:D45=$D46)*ISNUMBER($P$2:P45)),$P$2:P45),1,"0000001",Holidays!$A$6:$A$55),"")))} -> 46259 | P46: =IF(OR(O46="",H46="",K46="",L46=""),"",IFERROR(WORKDAY.INTL(O46-1,MAX(1,ROUNDUP(H46/(K46*L46),0)),"0000001",Holidays!$A$6:$A$55),"-")) -> 46263 | Q46: =IF(P46="","",IFERROR(WORKDAY.INTL(P46,3,"0000001",Holidays!$A$6:$A$55),"-")) -> 46267 | R46: =IF(OR(J46="",P46=""),"",IFERROR(NETWORKDAYS.INTL(P46+1,J46,"0000001",Holidays!$A$6:$A$55),"-")) -> 7 | S46: =IF(O46="","",IFERROR(WORKDAY.INTL(O46,-10,"0000001",Holidays!$A$6:$A$55),"-")) -> 46246 | T46: =IF(OR(I46="",Q46=""),"",IF(Q46<=I46-4,1,0)) -> 1 | W46: =IF(OR($U46="",$V46="",$I46=""),"",IF(AND($U46<=$I46-4,$V46>=$F46),1,0))
B47: M6 | C47: 12 | D47: RS26 | E47: 7443774330 | F47: 7892 | G47: 0 | H47: =IF(OR(D47="",E47=""),"",IFERROR(F47-G47,"-")) -> 7892 | I47: 46283 | J47: =IF(I47="","",IFERROR(WORKDAY.INTL(I47,-10,"0000001",Holidays!$A$6:$A$55),"-")) -> 46272 | K47: 2 | L47: 2975 | M47: =IF(OR(D47="",E47="",F47="",K47="",L47=""),"",IFERROR(ROUNDUP(H47/(K47*L47),0),"-")) -> 2 | O47: {=IF(OR($D47="",$E47=""),"",IF($N47<>"",$N47,IFERROR(WORKDAY.INTL(LOOKUP(2,1/(($D$2:D46=$D47)*ISNUMBER($P$2:P46)),$P$2:P46),1,"0000001",Holidays!$A$6:$A$55),"")))} -> 46265 | P47: =IF(OR(O47="",H47="",K47="",L47=""),"",IFERROR(WORKDAY.INTL(O47-1,MAX(1,ROUNDUP(H47/(K47*L47),0)),"0000001",Holidays!$A$6:$A$55),"-")) -> 46266 | Q47: =IF(P47="","",IFERROR(WORKDAY.INTL(P47,3,"0000001",Holidays!$A$6:$A$55),"-")) -> 46269 | R47: =IF(OR(J47="",P47=""),"",IFERROR(NETWORKDAYS.INTL(P47+1,J47,"0000001",Holidays!$A$6:$A$55),"-")) -> 5 | S47: =IF(O47="","",IFERROR(WORKDAY.INTL(O47,-10,"0000001",Holidays!$A$6:$A$55),"-")) -> 46252 | T47: =IF(OR(I47="",Q47=""),"",IF(Q47<=I47-4,1,0)) -> 1 | W47: =IF(OR($U47="",$V47="",$I47=""),"",IF(AND($U47<=$I47-4,$V47>=$F47),1,0))
B48: M6 | C48: 13 | D48: RS26 | E48: 7489342458 | F48: 3413 | G48: 0 | H48: =IF(OR(D48="",E48=""),"",IFERROR(F48-G48,"-")) -> 3413 | I48: 46283 | J48: =IF(I48="","",IFERROR(WORKDAY.INTL(I48,-10,"0000001",Holidays!$A$6:$A$55),"-")) -> 46272 | K48: 2 | L48: 2975 | M48: =IF(OR(D48="",E48="",F48="",K48="",L48=""),"",IFERROR(ROUNDUP(H48/(K48*L48),0),"-")) -> 1 | O48: {=IF(OR($D48="",$E48=""),"",IF($N48<>"",$N48,IFERROR(WORKDAY.INTL(LOOKUP(2,1/(($D$2:D47=$D48)*ISNUMBER($P$2:P47)),$P$2:P47),1,"0000001",Holidays!$A$6:$A$55),"")))} -> 46267 | P48: =IF(OR(O48="",H48="",K48="",L48=""),"",IFERROR(WORKDAY.INTL(O48-1,MAX(1,ROUNDUP(H48/(K48*L48),0)),"0000001",Holidays!$A$6:$A$55),"-")) -> 46267 | Q48: =IF(P48="","",IFERROR(WORKDAY.INTL(P48,3,"0000001",Holidays!$A$6:$A$55),"-")) -> 46270 | R48: =IF(OR(J48="",P48=""),"",IFERROR(NETWORKDAYS.INTL(P48+1,J48,"0000001",Holidays!$A$6:$A$55),"-")) -> 4 | S48: =IF(O48="","",IFERROR(WORKDAY.INTL(O48,-10,"0000001",Holidays!$A$6:$A$55),"-")) -> 46254 | T48: =IF(OR(I48="",Q48=""),"",IF(Q48<=I48-4,1,0)) -> 1 | W48: =IF(OR($U48="",$V48="",$I48=""),"",IF(AND($U48<=$I48-4,$V48>=$F48),1,0))
B49: M6 | C49: 14 | D49: RS26 | E49: 7458868563 | F49: 15874 | G49: 2774 | H49: =IF(OR(D49="",E49=""),"",IFERROR(F49-G49,"-")) -> 13100 | I49: 46283 | J49: =IF(I49="","",IFERROR(WORKDAY.INTL(I49,-10,"0000001",Holidays!$A$6:$A$55),"-")) -> 46272 | K49: 2 | L49: 2975 | M49: =IF(OR(D49="",E49="",F49="",K49="",L49=""),"",IFERROR(ROUNDUP(H49/(K49*L49),0),"-")) -> 3 | O49: {=IF(OR($D49="",$E49=""),"",IF($N49<>"",$N49,IFERROR(WORKDAY.INTL(LOOKUP(2,1/(($D$2:D48=$D49)*ISNUMBER($P$2:P48)),$P$2:P48),1,"0000001",Holidays!$A$6:$A$55),"")))} -> 46268 | P49: =IF(OR(O49="",H49="",K49="",L49=""),"",IFERROR(WORKDAY.INTL(O49-1,MAX(1,ROUNDUP(H49/(K49*L49),0)),"0000001",Holidays!$A$6:$A$55),"-")) -> 46270 | Q49: =IF(P49="","",IFERROR(WORKDAY.INTL(P49,3,"0000001",Holidays!$A$6:$A$55),"-")) -> 46274 | R49: =IF(OR(J49="",P49=""),"",IFERROR(NETWORKDAYS.INTL(P49+1,J49,"0000001",Holidays!$A$6:$A$55),"-")) -> 1 | S49: =IF(O49="","",IFERROR(WORKDAY.INTL(O49,-10,"0000001",Holidays!$A$6:$A$55),"-")) -> 46255 | T49: =IF(OR(I49="",Q49=""),"",IF(Q49<=I49-4,1,0)) -> 1 | W49: =IF(OR($U49="",$V49="",$I49=""),"",IF(AND($U49<=$I49-4,$V49>=$F49),1,0))
B50: M7 | C50: 15 | D50: RS26 | E50: 7962656881 | F50: 7042 | G50: 0 | H50: =IF(OR(D50="",E50=""),"",IFERROR(F50-G50,"-")) -> 7042 | I50: 46289 | J50: =IF(I50="","",IFERROR(WORKDAY.INTL(I50,-10,"0000001",Holidays!$A$6:$A$55),"-")) -> 46277 | K50: 2 | L50: 2975 | M50: =IF(OR(D50="",E50="",F50="",K50="",L50=""),"",IFERROR(ROUNDUP(H50/(K50*L50),0),"-")) -> 2 | N50: 46277 | O50: {=IF(OR($D50="",$E50=""),"",IF($N50<>"",$N50,IFERROR(WORKDAY.INTL(LOOKUP(2,1/(($D$2:D49=$D50)*ISNUMBER($P$2:P49)),$P$2:P49),1,"0000001",Holidays!$A$6:$A$55),"")))} -> 46277 | P50: =IF(OR(O50="",H50="",K50="",L50=""),"",IFERROR(WORKDAY.INTL(O50-1,MAX(1,ROUNDUP(H50/(K50*L50),0)),"0000001",Holidays!$A$6:$A$55),"-")) -> 46279 | Q50: =IF(P50="","",IFERROR(WORKDAY.INTL(P50,3,"0000001",Holidays!$A$6:$A$55),"-")) -> 46282 | R50: =IF(OR(J50="",P50=""),"",IFERROR(NETWORKDAYS.INTL(P50+1,J50,"0000001",Holidays!$A$6:$A$55),"-")) -> -3 | S50: =IF(O50="","",IFERROR(WORKDAY.INTL(O50,-10,"0000001",Holidays!$A$6:$A$55),"-")) -> 46266 | T50: =IF(OR(I50="",Q50=""),"",IF(Q50<=I50-4,1,0)) -> 1 | W50: =IF(OR($U50="",$V50="",$I50=""),"",IF(AND($U50<=$I50-4,$V50>=$F50),1,0))
B51: M7 | C51: 16 | D51: RS26 | E51: 7355278063 | F51: 5908 | G51: 0 | H51: =IF(OR(D51="",E51=""),"",IFERROR(F51-G51,"-")) -> 5908 | I51: 46303 | J51: =IF(I51="","",IFERROR(WORKDAY.INTL(I51,-10,"0000001",Holidays!$A$6:$A$55),"-")) -> 46290 | K51: 2 | L51: 2975 | M51: =IF(OR(D51="",E51="",F51="",K51="",L51=""),"",IFERROR(ROUNDUP(H51/(K51*L51),0),"-")) -> 1 | N51: 46279 | O51: {=IF(OR($D51="",$E51=""),"",IF($N51<>"",$N51,IFERROR(WORKDAY.INTL(LOOKUP(2,1/(($D$2:D50=$D51)*ISNUMBER($P$2:P50)),$P$2:P50),1,"0000001",Holidays!$A$6:$A$55),"")))} -> 46279 | P51: =IF(OR(O51="",H51="",K51="",L51=""),"",IFERROR(WORKDAY.INTL(O51-1,MAX(1,ROUNDUP(H51/(K51*L51),0)),"0000001",Holidays!$A$6:$A$55),"-")) -> 46279 | Q51: =IF(P51="","",IFERROR(WORKDAY.INTL(P51,3,"0000001",Holidays!$A$6:$A$55),"-")) -> 46282 | R51: =IF(OR(J51="",P51=""),"",IFERROR(NETWORKDAYS.INTL(P51+1,J51,"0000001",Holidays!$A$6:$A$55),"-")) -> 10 | S51: =IF(O51="","",IFERROR(WORKDAY.INTL(O51,-10,"0000001",Holidays!$A$6:$A$55),"-")) -> 46267 | T51: =IF(OR(I51="",Q51=""),"",IF(Q51<=I51-4,1,0)) -> 1 | W51: =IF(OR($U51="",$V51="",$I51=""),"",IF(AND($U51<=$I51-4,$V51>=$F51),1,0))
B52: M7 | C52: 17 | D52: RS26 | E52: 7231619297 | F52: 7608 | G52: 0 | H52: =IF(OR(D52="",E52=""),"",IFERROR(F52-G52,"-")) -> 7608 | I52: 46303 | J52: =IF(I52="","",IFERROR(WORKDAY.INTL(I52,-10,"0000001",Holidays!$A$6:$A$55),"-")) -> 46290 | K52: 2 | L52: 2975 | M52: =IF(OR(D52="",E52="",F52="",K52="",L52=""),"",IFERROR(ROUNDUP(H52/(K52*L52),0),"-")) -> 2 | N52: 46281 | O52: {=IF(OR($D52="",$E52=""),"",IF($N52<>"",$N52,IFERROR(WORKDAY.INTL(LOOKUP(2,1/(($D$2:D51=$D52)*ISNUMBER($P$2:P51)),$P$2:P51),1,"0000001",Holidays!$A$6:$A$55),"")))} -> 46281 | P52: =IF(OR(O52="",H52="",K52="",L52=""),"",IFERROR(WORKDAY.INTL(O52-1,MAX(1,ROUNDUP(H52/(K52*L52),0)),"0000001",Holidays!$A$6:$A$55),"-")) -> 46282 | Q52: =IF(P52="","",IFERROR(WORKDAY.INTL(P52,3,"0000001",Holidays!$A$6:$A$55),"-")) -> 46286 | R52: =IF(OR(J52="",P52=""),"",IFERROR(NETWORKDAYS.INTL(P52+1,J52,"0000001",Holidays!$A$6:$A$55),"-")) -> 7 | S52: =IF(O52="","",IFERROR(WORKDAY.INTL(O52,-10,"0000001",Holidays!$A$6:$A$55),"-")) -> 46269 | T52: =IF(OR(I52="",Q52=""),"",IF(Q52<=I52-4,1,0)) -> 1 | W52: =IF(OR($U52="",$V52="",$I52=""),"",IF(AND($U52<=$I52-4,$V52>=$F52),1,0))
B53: M7 | C53: 18 | D53: RS26 | E53: 7673341236 | F53: 19019 | G53: 0 | H53: =IF(OR(D53="",E53=""),"",IFERROR(F53-G53,"-")) -> 19019 | I53: 46311 | J53: =IF(I53="","",IFERROR(WORKDAY.INTL(I53,-10,"0000001",Holidays!$A$6:$A$55),"-")) -> 46300 | K53: 2 | L53: 2975 | M53: =IF(OR(D53="",E53="",F53="",K53="",L53=""),"",IFERROR(ROUNDUP(H53/(K53*L53),0),"-")) -> 4 | N53: 46286 | O53: {=IF(OR($D53="",$E53=""),"",IF($N53<>"",$N53,IFERROR(WORKDAY.INTL(LOOKUP(2,1/(($D$2:D52=$D53)*ISNUMBER($P$2:P52)),$P$2:P52),1,"0000001",Holidays!$A$6:$A$55),"")))} -> 46286 | P53: =IF(OR(O53="",H53="",K53="",L53=""),"",IFERROR(WORKDAY.INTL(O53-1,MAX(1,ROUNDUP(H53/(K53*L53),0)),"0000001",Holidays!$A$6:$A$55),"-")) -> 46289 | Q53: =IF(P53="","",IFERROR(WORKDAY.INTL(P53,3,"0000001",Holidays!$A$6:$A$55),"-")) -> 46293 | R53: =IF(OR(J53="",P53=""),"",IFERROR(NETWORKDAYS.INTL(P53+1,J53,"0000001",Holidays!$A$6:$A$55),"-")) -> 8 | S53: =IF(O53="","",IFERROR(WORKDAY.INTL(O53,-10,"0000001",Holidays!$A$6:$A$55),"-")) -> 46274 | T53: =IF(OR(I53="",Q53=""),"",IF(Q53<=I53-4,1,0)) -> 1 | W53: =IF(OR($U53="",$V53="",$I53=""),"",IF(AND($U53<=$I53-4,$V53>=$F53),1,0))
B54: M7 | C54: 19 | D54: RS26 | E54: 7083400862 | F54: 5869 | G54: 0 | H54: =IF(OR(D54="",E54=""),"",IFERROR(F54-G54,"-")) -> 5869 | I54: 46311 | J54: =IF(I54="","",IFERROR(WORKDAY.INTL(I54,-10,"0000001",Holidays!$A$6:$A$55),"-")) -> 46300 | K54: 2 | L54: 2975 | M54: =IF(OR(D54="",E54="",F54="",K54="",L54=""),"",IFERROR(ROUNDUP(H54/(K54*L54),0),"-")) -> 1 | O54: {=IF(OR($D54="",$E54=""),"",IF($N54<>"",$N54,IFERROR(WORKDAY.INTL(LOOKUP(2,1/(($D$2:D53=$D54)*ISNUMBER($P$2:P53)),$P$2:P53),1,"0000001",Holidays!$A$6:$A$55),"")))} -> 46290 | P54: =IF(OR(O54="",H54="",K54="",L54=""),"",IFERROR(WORKDAY.INTL(O54-1,MAX(1,ROUNDUP(H54/(K54*L54),0)),"0000001",Holidays!$A$6:$A$55),"-")) -> 46290 | Q54: =IF(P54="","",IFERROR(WORKDAY.INTL(P54,3,"0000001",Holidays!$A$6:$A$55),"-")) -> 46294 | R54: =IF(OR(J54="",P54=""),"",IFERROR(NETWORKDAYS.INTL(P54+1,J54,"0000001",Holidays!$A$6:$A$55),"-")) -> 7 | S54: =IF(O54="","",IFERROR(WORKDAY.INTL(O54,-10,"0000001",Holidays!$A$6:$A$55),"-")) -> 46279 | T54: =IF(OR(I54="",Q54=""),"",IF(Q54<=I54-4,1,0)) -> 1 | W54: =IF(OR($U54="",$V54="",$I54=""),"",IF(AND($U54<=$I54-4,$V54>=$F54),1,0))
B55: M7 | C55: 20 | D55: RS26 | E55: 7111923906 | F55: 1228 | G55: 0 | H55: =IF(OR(D55="",E55=""),"",IFERROR(F55-G55,"-")) -> 1228 | I55: 46311 | J55: =IF(I55="","",IFERROR(WORKDAY.INTL(I55,-10,"0000001",Holidays!$A$6:$A$55),"-")) -> 46300 | K55: 2 | L55: 2975 | M55: =IF(OR(D55="",E55="",F55="",K55="",L55=""),"",IFERROR(ROUNDUP(H55/(K55*L55),0),"-")) -> 1 | O55: {=IF(OR($D55="",$E55=""),"",IF($N55<>"",$N55,IFERROR(WORKDAY.INTL(LOOKUP(2,1/(($D$2:D54=$D55)*ISNUMBER($P$2:P54)),$P$2:P54),1,"0000001",Holidays!$A$6:$A$55),"")))} -> 46291 | P55: =IF(OR(O55="",H55="",K55="",L55=""),"",IFERROR(WORKDAY.INTL(O55-1,MAX(1,ROUNDUP(H55/(K55*L55),0)),"0000001",Holidays!$A$6:$A$55),"-")) -> 46291 | Q55: =IF(P55="","",IFERROR(WORKDAY.INTL(P55,3,"0000001",Holidays!$A$6:$A$55),"-")) -> 46295 | R55: =IF(OR(J55="",P55=""),"",IFERROR(NETWORKDAYS.INTL(P55+1,J55,"0000001",Holidays!$A$6:$A$55),"-")) -> 6 | S55: =IF(O55="","",IFERROR(WORKDAY.INTL(O55,-10,"0000001",Holidays!$A$6:$A$55),"-")) -> 46280 | T55: =IF(OR(I55="",Q55=""),"",IF(Q55<=I55-4,1,0)) -> 1 | W55: =IF(OR($U55="",$V55="",$I55=""),"",IF(AND($U55<=$I55-4,$V55>=$F55),1,0))
B56: M7 | C56: 21 | D56: RS26 | E56: 7761246843 | F56: 4203 | G56: 0 | H56: =IF(OR(D56="",E56=""),"",IFERROR(F56-G56,"-")) -> 4203 | I56: 46311 | J56: =IF(I56="","",IFERROR(WORKDAY.INTL(I56,-10,"0000001",Holidays!$A$6:$A$55),"-")) -> 46300 | K56: 2 | L56: 2975 | M56: =IF(OR(D56="",E56="",F56="",K56="",L56=""),"",IFERROR(ROUNDUP(H56/(K56*L56),0),"-")) -> 1 | N56: 46291 | O56: {=IF(OR($D56="",$E56=""),"",IF($N56<>"",$N56,IFERROR(WORKDAY.INTL(LOOKUP(2,1/(($D$2:D55=$D56)*ISNUMBER($P$2:P55)),$P$2:P55),1,"0000001",Holidays!$A$6:$A$55),"")))} -> 46291 | P56: =IF(OR(O56="",H56="",K56="",L56=""),"",IFERROR(WORKDAY.INTL(O56-1,MAX(1,ROUNDUP(H56/(K56*L56),0)),"0000001",Holidays!$A$6:$A$55),"-")) -> 46291 | Q56: =IF(P56="","",IFERROR(WORKDAY.INTL(P56,3,"0000001",Holidays!$A$6:$A$55),"-")) -> 46295 | R56: =IF(OR(J56="",P56=""),"",IFERROR(NETWORKDAYS.INTL(P56+1,J56,"0000001",Holidays!$A$6:$A$55),"-")) -> 6 | S56: =IF(O56="","",IFERROR(WORKDAY.INTL(O56,-10,"0000001",Holidays!$A$6:$A$55),"-")) -> 46280 | T56: =IF(OR(I56="",Q56=""),"",IF(Q56<=I56-4,1,0)) -> 1 | W56: =IF(OR($U56="",$V56="",$I56=""),"",IF(AND($U56<=$I56-4,$V56>=$F56),1,0))
B57: M7 | C57: 22 | D57: RS26 | E57: 7320124062 | F57: 2758 | G57: 0 | H57: =IF(OR(D57="",E57=""),"",IFERROR(F57-G57,"-")) -> 2758 | I57: 46311 | J57: =IF(I57="","",IFERROR(WORKDAY.INTL(I57,-10,"0000001",Holidays!$A$6:$A$55),"-")) -> 46300 | K57: 2 | L57: 2975 | M57: =IF(OR(D57="",E57="",F57="",K57="",L57=""),"",IFERROR(ROUNDUP(H57/(K57*L57),0),"-")) -> 1 | O57: {=IF(OR($D57="",$E57=""),"",IF($N57<>"",$N57,IFERROR(WORKDAY.INTL(LOOKUP(2,1/(($D$2:D56=$D57)*ISNUMBER($P$2:P56)),$P$2:P56),1,"0000001",Holidays!$A$6:$A$55),"")))} -> 46293 | P57: =IF(OR(O57="",H57="",K57="",L57=""),"",IFERROR(WORKDAY.INTL(O57-1,MAX(1,ROUNDUP(H57/(K57*L57),0)),"0000001",Holidays!$A$6:$A$55),"-")) -> 46293 | Q57: =IF(P57="","",IFERROR(WORKDAY.INTL(P57,3,"0000001",Holidays!$A$6:$A$55),"-")) -> 46296 | R57: =IF(OR(J57="",P57=""),"",IFERROR(NETWORKDAYS.INTL(P57+1,J57,"0000001",Holidays!$A$6:$A$55),"-")) -> 5 | S57: =IF(O57="","",IFERROR(WORKDAY.INTL(O57,-10,"0000001",Holidays!$A$6:$A$55),"-")) -> 46281 | T57: =IF(OR(I57="",Q57=""),"",IF(Q57<=I57-4,1,0)) -> 1 | W57: =IF(OR($U57="",$V57="",$I57=""),"",IF(AND($U57<=$I57-4,$V57>=$F57),1,0))
B58: M5 | C58: 1 | D58: RS27 | E58: 7038570281 | F58: 2639 | G58: 2639 | H58: =IF(OR(D58="",E58=""),"",IFERROR(F58-G58,"-")) -> 0 | I58: 46240 | J58: =IF(I58="","",IFERROR(WORKDAY.INTL(I58,-10,"0000001",Holidays!$A$6:$A$55),"-")) -> 46228 | M58: =IF(OR(D58="",E58="",F58="",K58="",L58=""),"",IFERROR(ROUNDUP(H58/(K58*L58),0),"-")) | N58: Close | O58: {=IF(OR($D58="",$E58=""),"",IF($N58<>"",$N58,IFERROR(WORKDAY.INTL(LOOKUP(2,1/(($D$2:D57=$D58)*ISNUMBER($P$2:P57)),$P$2:P57),1,"0000001",Holidays!$A$6:$A$55),"")))} -> Close | P58: =IF(OR(O58="",H58="",K58="",L58=""),"",IFERROR(WORKDAY.INTL(O58-1,MAX(1,ROUNDUP(H58/(K58*L58),0)),"0000001",Holidays!$A$6:$A$55),"-")) | Q58: =IF(P58="","",IFERROR(WORKDAY.INTL(P58,3,"0000001",Holidays!$A$6:$A$55),"-")) | R58: =IF(OR(J58="",P58=""),"",IFERROR(NETWORKDAYS.INTL(P58+1,J58,"0000001",Holidays!$A$6:$A$55),"-")) | S58: =IF(O58="","",IFERROR(WORKDAY.INTL(O58,-10,"0000001",Holidays!$A$6:$A$55),"-")) -> - | T58: =IF(OR(I58="",Q58=""),"",IF(Q58<=I58-4,1,0)) | W58: =IF(OR($U58="",$V58="",$I58=""),"",IF(AND($U58<=$I58-4,$V58>=$F58),1,0))
B59: M5 | C59: 2 | D59: RS27 | E59: 7393155065 | F59: 4224 | G59: 4224 | H59: =IF(OR(D59="",E59=""),"",IFERROR(F59-G59,"-")) -> 0 | I59: 46247 | J59: =IF(I59="","",IFERROR(WORKDAY.INTL(I59,-10,"0000001",Holidays!$A$6:$A$55),"-")) -> 46235 | M59: =IF(OR(D59="",E59="",F59="",K59="",L59=""),"",IFERROR(ROUNDUP(H59/(K59*L59),0),"-")) | N59: Close | O59: {=IF(OR($D59="",$E59=""),"",IF($N59<>"",$N59,IFERROR(WORKDAY.INTL(LOOKUP(2,1/(($D$2:D58=$D59)*ISNUMBER($P$2:P58)),$P$2:P58),1,"0000001",Holidays!$A$6:$A$55),"")))} -> Close | P59: =IF(OR(O59="",H59="",K59="",L59=""),"",IFERROR(WORKDAY.INTL(O59-1,MAX(1,ROUNDUP(H59/(K59*L59),0)),"0000001",Holidays!$A$6:$A$55),"-")) | Q59: =IF(P59="","",IFERROR(WORKDAY.INTL(P59,3,"0000001",Holidays!$A$6:$A$55),"-")) | R59: =IF(OR(J59="",P59=""),"",IFERROR(NETWORKDAYS.INTL(P59+1,J59,"0000001",Holidays!$A$6:$A$55),"-")) | S59: =IF(O59="","",IFERROR(WORKDAY.INTL(O59,-10,"0000001",Holidays!$A$6:$A$55),"-")) -> - | T59: =IF(OR(I59="",Q59=""),"",IF(Q59<=I59-4,1,0)) | W59: =IF(OR($U59="",$V59="",$I59=""),"",IF(AND($U59<=$I59-4,$V59>=$F59),1,0))
B60: M5 | C60: 3 | D60: RS27 | E60: 7507379931 | F60: 1509 | G60: 1509 | H60: =IF(OR(D60="",E60=""),"",IFERROR(F60-G60,"-")) -> 0 | I60: 46247 | J60: =IF(I60="","",IFERROR(WORKDAY.INTL(I60,-10,"0000001",Holidays!$A$6:$A$55),"-")) -> 46235 | M60: =IF(OR(D60="",E60="",F60="",K60="",L60=""),"",IFERROR(ROUNDUP(H60/(K60*L60),0),"-")) | N60: Close | O60: {=IF(OR($D60="",$E60=""),"",IF($N60<>"",$N60,IFERROR(WORKDAY.INTL(LOOKUP(2,1/(($D$2:D59=$D60)*ISNUMBER($P$2:P59)),$P$2:P59),1,"0000001",Holidays!$A$6:$A$55),"")))} -> Close | P60: =IF(OR(O60="",H60="",K60="",L60=""),"",IFERROR(WORKDAY.INTL(O60-1,MAX(1,ROUNDUP(H60/(K60*L60),0)),"0000001",Holidays!$A$6:$A$55),"-")) | Q60: =IF(P60="","",IFERROR(WORKDAY.INTL(P60,3,"0000001",Holidays!$A$6:$A$55),"-")) | R60: =IF(OR(J60="",P60=""),"",IFERROR(NETWORKDAYS.INTL(P60+1,J60,"0000001",Holidays!$A$6:$A$55),"-")) | S60: =IF(O60="","",IFERROR(WORKDAY.INTL(O60,-10,"0000001",Holidays!$A$6:$A$55),"-")) -> - | T60: =IF(OR(I60="",Q60=""),"",IF(Q60<=I60-4,1,0)) | W60: =IF(OR($U60="",$V60="",$I60=""),"",IF(AND($U60<=$I60-4,$V60>=$F60),1,0))
B61: M6 | C61: 4 | D61: RS27 | E61: 7183629647 | F61: 5670 | G61: 0 | H61: =IF(OR(D61="",E61=""),"",IFERROR(F61-G61,"-")) -> 5670 | I61: 46283 | J61: =IF(I61="","",IFERROR(WORKDAY.INTL(I61,-10,"0000001",Holidays!$A$6:$A$55),"-")) -> 46272 | K61: 2 | L61: 2975 | M61: =IF(OR(D61="",E61="",F61="",K61="",L61=""),"",IFERROR(ROUNDUP(H61/(K61*L61),0),"-")) -> 1 | N61: 46272 | O61: {=IF(OR($D61="",$E61=""),"",IF($N61<>"",$N61,IFERROR(WORKDAY.INTL(LOOKUP(2,1/(($D$2:D60=$D61)*ISNUMBER($P$2:P60)),$P$2:P60),1,"0000001",Holidays!$A$6:$A$55),"")))} -> 46272 | P61: =IF(OR(O61="",H61="",K61="",L61=""),"",IFERROR(WORKDAY.INTL(O61-1,MAX(1,ROUNDUP(H61/(K61*L61),0)),"0000001",Holidays!$A$6:$A$55),"-")) -> 46272 | Q61: =IF(P61="","",IFERROR(WORKDAY.INTL(P61,3,"0000001",Holidays!$A$6:$A$55),"-")) -> 46275 | R61: =IF(OR(J61="",P61=""),"",IFERROR(NETWORKDAYS.INTL(P61+1,J61,"0000001",Holidays!$A$6:$A$55),"-")) -> -2 | S61: =IF(O61="","",IFERROR(WORKDAY.INTL(O61,-10,"0000001",Holidays!$A$6:$A$55),"-")) -> 46259 | T61: =IF(OR(I61="",Q61=""),"",IF(Q61<=I61-4,1,0)) -> 1 | W61: =IF(OR($U61="",$V61="",$I61=""),"",IF(AND($U61<=$I61-4,$V61>=$F61),1,0))
B62: M6 | C62: 5 | D62: RS27 | E62: 7078111330 | F62: 2750 | G62: 0 | H62: =IF(OR(D62="",E62=""),"",IFERROR(F62-G62,"-")) -> 2750 | I62: 46283 | J62: =IF(I62="","",IFERROR(WORKDAY.INTL(I62,-10,"0000001",Holidays!$A$6:$A$55),"-")) -> 46272 | K62: 2 | L62: 2975 | M62: =IF(OR(D62="",E62="",F62="",K62="",L62=""),"",IFERROR(ROUNDUP(H62/(K62*L62),0),"-")) -> 1 | N62: 46274 | O62: {=IF(OR($D62="",$E62=""),"",IF($N62<>"",$N62,IFERROR(WORKDAY.INTL(LOOKUP(2,1/(($D$2:D61=$D62)*ISNUMBER($P$2:P61)),$P$2:P61),1,"0000001",Holidays!$A$6:$A$55),"")))} -> 46274 | P62: =IF(OR(O62="",H62="",K62="",L62=""),"",IFERROR(WORKDAY.INTL(O62-1,MAX(1,ROUNDUP(H62/(K62*L62),0)),"0000001",Holidays!$A$6:$A$55),"-")) -> 46274 | Q62: =IF(P62="","",IFERROR(WORKDAY.INTL(P62,3,"0000001",Holidays!$A$6:$A$55),"-")) -> 46277 | R62: =IF(OR(J62="",P62=""),"",IFERROR(NETWORKDAYS.INTL(P62+1,J62,"0000001",Holidays!$A$6:$A$55),"-")) -> -4 | S62: =IF(O62="","",IFERROR(WORKDAY.INTL(O62,-10,"0000001",Holidays!$A$6:$A$55),"-")) -> 46261 | T62: =IF(OR(I62="",Q62=""),"",IF(Q62<=I62-4,1,0)) -> 1 | W62: =IF(OR($U62="",$V62="",$I62=""),"",IF(AND($U62<=$I62-4,$V62>=$F62),1,0))
B63: M6 | C63: 6 | D63: RS27 | E63: 7509168631 | F63: 6065 | G63: 0 | H63: =IF(OR(D63="",E63=""),"",IFERROR(F63-G63,"-")) -> 6065 | I63: 46283 | J63: =IF(I63="","",IFERROR(WORKDAY.INTL(I63,-10,"0000001",Holidays!$A$6:$A$55),"-")) -> 46272 | K63: 2 | L63: 2975 | M63: =IF(OR(D63="",E63="",F63="",K63="",L63=""),"",IFERROR(ROUNDUP(H63/(K63*L63),0),"-")) -> 2 | O63: {=IF(OR($D63="",$E63=""),"",IF($N63<>"",$N63,IFERROR(WORKDAY.INTL(LOOKUP(2,1/(($D$2:D62=$D63)*ISNUMBER($P$2:P62)),$P$2:P62),1,"0000001",Holidays!$A$6:$A$55),"")))} -> 46275 | P63: =IF(OR(O63="",H63="",K63="",L63=""),"",IFERROR(WORKDAY.INTL(O63-1,MAX(1,ROUNDUP(H63/(K63*L63),0)),"0000001",Holidays!$A$6:$A$55),"-")) -> 46276 | Q63: =IF(P63="","",IFERROR(WORKDAY.INTL(P63,3,"0000001",Holidays!$A$6:$A$55),"-")) -> 46280 | R63: =IF(OR(J63="",P63=""),"",IFERROR(NETWORKDAYS.INTL(P63+1,J63,"0000001",Holidays!$A$6:$A$55),"-")) -> -6 | S63: =IF(O63="","",IFERROR(WORKDAY.INTL(O63,-10,"0000001",Holidays!$A$6:$A$55),"-")) -> 46263 | T63: =IF(OR(I63="",Q63=""),"",IF(Q63<=I63-4,1,0)) -> 0 | W63: =IF(OR($U63="",$V63="",$I63=""),"",IF(AND($U63<=$I63-4,$V63>=$F63),1,0))
B64: M6 | C64: 7 | D64: RS27 | E64: 7650297685 | F64: 2257 | G64: 0 | H64: =IF(OR(D64="",E64=""),"",IFERROR(F64-G64,"-")) -> 2257 | I64: 46283 | J64: =IF(I64="","",IFERROR(WORKDAY.INTL(I64,-10,"0000001",Holidays!$A$6:$A$55),"-")) -> 46272 | K64: 2 | L64: 2975 | M64: =IF(OR(D64="",E64="",F64="",K64="",L64=""),"",IFERROR(ROUNDUP(H64/(K64*L64),0),"-")) -> 1 | N64: 46276 | O64: {=IF(OR($D64="",$E64=""),"",IF($N64<>"",$N64,IFERROR(WORKDAY.INTL(LOOKUP(2,1/(($D$2:D63=$D64)*ISNUMBER($P$2:P63)),$P$2:P63),1,"0000001",Holidays!$A$6:$A$55),"")))} -> 46276 | P64: =IF(OR(O64="",H64="",K64="",L64=""),"",IFERROR(WORKDAY.INTL(O64-1,MAX(1,ROUNDUP(H64/(K64*L64),0)),"0000001",Holidays!$A$6:$A$55),"-")) -> 46276 | Q64: =IF(P64="","",IFERROR(WORKDAY.INTL(P64,3,"0000001",Holidays!$A$6:$A$55),"-")) -> 46280 | R64: =IF(OR(J64="",P64=""),"",IFERROR(NETWORKDAYS.INTL(P64+1,J64,"0000001",Holidays!$A$6:$A$55),"-")) -> -6 | S64: =IF(O64="","",IFERROR(WORKDAY.INTL(O64,-10,"0000001",Holidays!$A$6:$A$55),"-")) -> 46265 | T64: =IF(OR(I64="",Q64=""),"",IF(Q64<=I64-4,1,0)) -> 0 | W64: =IF(OR($U64="",$V64="",$I64=""),"",IF(AND($U64<=$I64-4,$V64>=$F64),1,0))
B65: M7 | C65: 8 | D65: RS27 | E65: 7626721491 | F65: 3714 | G65: 0 | H65: =IF(OR(D65="",E65=""),"",IFERROR(F65-G65,"-")) -> 3714 | I65: 46303 | J65: =IF(I65="","",IFERROR(WORKDAY.INTL(I65,-10,"0000001",Holidays!$A$6:$A$55),"-")) -> 46290 | K65: 2 | L65: 2975 | M65: =IF(OR(D65="",E65="",F65="",K65="",L65=""),"",IFERROR(ROUNDUP(H65/(K65*L65),0),"-")) -> 1 | N65: 46283 | O65: {=IF(OR($D65="",$E65=""),"",IF($N65<>"",$N65,IFERROR(WORKDAY.INTL(LOOKUP(2,1/(($D$2:D64=$D65)*ISNUMBER($P$2:P64)),$P$2:P64),1,"0000001",Holidays!$A$6:$A$55),"")))} -> 46283 | P65: =IF(OR(O65="",H65="",K65="",L65=""),"",IFERROR(WORKDAY.INTL(O65-1,MAX(1,ROUNDUP(H65/(K65*L65),0)),"0000001",Holidays!$A$6:$A$55),"-")) -> 46283 | Q65: =IF(P65="","",IFERROR(WORKDAY.INTL(P65,3,"0000001",Holidays!$A$6:$A$55),"-")) -> 46287 | R65: =IF(OR(J65="",P65=""),"",IFERROR(NETWORKDAYS.INTL(P65+1,J65,"0000001",Holidays!$A$6:$A$55),"-")) -> 6 | S65: =IF(O65="","",IFERROR(WORKDAY.INTL(O65,-10,"0000001",Holidays!$A$6:$A$55),"-")) -> 46272 | T65: =IF(OR(I65="",Q65=""),"",IF(Q65<=I65-4,1,0)) -> 1 | W65: =IF(OR($U65="",$V65="",$I65=""),"",IF(AND($U65<=$I65-4,$V65>=$F65),1,0))
B66: M7 | C66: 9 | D66: RS27 | E66: 7728084997 | F66: 404 | G66: 0 | H66: =IF(OR(D66="",E66=""),"",IFERROR(F66-G66,"-")) -> 404 | I66: 46289 | J66: =IF(I66="","",IFERROR(WORKDAY.INTL(I66,-10,"0000001",Holidays!$A$6:$A$55),"-")) -> 46277 | K66: 2 | L66: 2975 | M66: =IF(OR(D66="",E66="",F66="",K66="",L66=""),"",IFERROR(ROUNDUP(H66/(K66*L66),0),"-")) -> 1 | N66: 46281 | O66: {=IF(OR($D66="",$E66=""),"",IF($N66<>"",$N66,IFERROR(WORKDAY.INTL(LOOKUP(2,1/(($D$2:D65=$D66)*ISNUMBER($P$2:P65)),$P$2:P65),1,"0000001",Holidays!$A$6:$A$55),"")))} -> 46281 | P66: =IF(OR(O66="",H66="",K66="",L66=""),"",IFERROR(WORKDAY.INTL(O66-1,MAX(1,ROUNDUP(H66/(K66*L66),0)),"0000001",Holidays!$A$6:$A$55),"-")) -> 46281 | Q66: =IF(P66="","",IFERROR(WORKDAY.INTL(P66,3,"0000001",Holidays!$A$6:$A$55),"-")) -> 46284 | R66: =IF(OR(J66="",P66=""),"",IFERROR(NETWORKDAYS.INTL(P66+1,J66,"0000001",Holidays!$A$6:$A$55),"-")) -> -5 | S66: =IF(O66="","",IFERROR(WORKDAY.INTL(O66,-10,"0000001",Holidays!$A$6:$A$55),"-")) -> 46269 | T66: =IF(OR(I66="",Q66=""),"",IF(Q66<=I66-4,1,0)) -> 1 | W66: =IF(OR($U66="",$V66="",$I66=""),"",IF(AND($U66<=$I66-4,$V66>=$F66),1,0))
B67: M7 | C67: 10 | D67: RS27 | E67: 7854863949 | F67: 1572 | G67: 0 | H67: =IF(OR(D67="",E67=""),"",IFERROR(F67-G67,"-")) -> 1572 | I67: 46303 | J67: =IF(I67="","",IFERROR(WORKDAY.INTL(I67,-10,"0000001",Holidays!$A$6:$A$55),"-")) -> 46290 | K67: 2 | L67: 2975 | M67: =IF(OR(D67="",E67="",F67="",K67="",L67=""),"",IFERROR(ROUNDUP(H67/(K67*L67),0),"-")) -> 1 | N67: 46284 | O67: {=IF(OR($D67="",$E67=""),"",IF($N67<>"",$N67,IFERROR(WORKDAY.INTL(LOOKUP(2,1/(($D$2:D66=$D67)*ISNUMBER($P$2:P66)),$P$2:P66),1,"0000001",Holidays!$A$6:$A$55),"")))} -> 46284 | P67: =IF(OR(O67="",H67="",K67="",L67=""),"",IFERROR(WORKDAY.INTL(O67-1,MAX(1,ROUNDUP(H67/(K67*L67),0)),"0000001",Holidays!$A$6:$A$55),"-")) -> 46284 | Q67: =IF(P67="","",IFERROR(WORKDAY.INTL(P67,3,"0000001",Holidays!$A$6:$A$55),"-")) -> 46288 | R67: =IF(OR(J67="",P67=""),"",IFERROR(NETWORKDAYS.INTL(P67+1,J67,"0000001",Holidays!$A$6:$A$55),"-")) -> 5 | S67: =IF(O67="","",IFERROR(WORKDAY.INTL(O67,-10,"0000001",Holidays!$A$6:$A$55),"-")) -> 46273 | T67: =IF(OR(I67="",Q67=""),"",IF(Q67<=I67-4,1,0)) -> 1 | W67: =IF(OR($U67="",$V67="",$I67=""),"",IF(AND($U67<=$I67-4,$V67>=$F67),1,0))
B68: M7 | C68: 11 | D68: RS27 | E68: 7606870570 | F68: 1768 | G68: 0 | H68: =IF(OR(D68="",E68=""),"",IFERROR(F68-G68,"-")) -> 1768 | I68: 46303 | J68: =IF(I68="","",IFERROR(WORKDAY.INTL(I68,-10,"0000001",Holidays!$A$6:$A$55),"-")) -> 46290 | K68: 2 | L68: 2975 | M68: =IF(OR(D68="",E68="",F68="",K68="",L68=""),"",IFERROR(ROUNDUP(H68/(K68*L68),0),"-")) -> 1 | N68: 46284 | O68: {=IF(OR($D68="",$E68=""),"",IF($N68<>"",$N68,IFERROR(WORKDAY.INTL(LOOKUP(2,1/(($D$2:D67=$D68)*ISNUMBER($P$2:P67)),$P$2:P67),1,"0000001",Holidays!$A$6:$A$55),"")))} -> 46284 | P68: =IF(OR(O68="",H68="",K68="",L68=""),"",IFERROR(WORKDAY.INTL(O68-1,MAX(1,ROUNDUP(H68/(K68*L68),0)),"0000001",Holidays!$A$6:$A$55),"-")) -> 46284 | Q68: =IF(P68="","",IFERROR(WORKDAY.INTL(P68,3,"0000001",Holidays!$A$6:$A$55),"-")) -> 46288 | R68: =IF(OR(J68="",P68=""),"",IFERROR(NETWORKDAYS.INTL(P68+1,J68,"0000001",Holidays!$A$6:$A$55),"-")) -> 5 | S68: =IF(O68="","",IFERROR(WORKDAY.INTL(O68,-10,"0000001",Holidays!$A$6:$A$55),"-")) -> 46273 | T68: =IF(OR(I68="",Q68=""),"",IF(Q68<=I68-4,1,0)) -> 1 | W68: =IF(OR($U68="",$V68="",$I68=""),"",IF(AND($U68<=$I68-4,$V68>=$F68),1,0))
B69: M7 | C69: 12 | D69: RS27 | E69: 7039924412 | F69: 1402 | G69: 0 | H69: =IF(OR(D69="",E69=""),"",IFERROR(F69-G69,"-")) -> 1402 | I69: 46303 | J69: =IF(I69="","",IFERROR(WORKDAY.INTL(I69,-10,"0000001",Holidays!$A$6:$A$55),"-")) -> 46290 | K69: 2 | L69: 2975 | M69: =IF(OR(D69="",E69="",F69="",K69="",L69=""),"",IFERROR(ROUNDUP(H69/(K69*L69),0),"-")) -> 1 | N69: 46284 | O69: {=IF(OR($D69="",$E69=""),"",IF($N69<>"",$N69,IFERROR(WORKDAY.INTL(LOOKUP(2,1/(($D$2:D68=$D69)*ISNUMBER($P$2:P68)),$P$2:P68),1,"0000001",Holidays!$A$6:$A$55),"")))} -> 46284 | P69: =IF(OR(O69="",H69="",K69="",L69=""),"",IFERROR(WORKDAY.INTL(O69-1,MAX(1,ROUNDUP(H69/(K69*L69),0)),"0000001",Holidays!$A$6:$A$55),"-")) -> 46284 | Q69: =IF(P69="","",IFERROR(WORKDAY.INTL(P69,3,"0000001",Holidays!$A$6:$A$55),"-")) -> 46288 | R69: =IF(OR(J69="",P69=""),"",IFERROR(NETWORKDAYS.INTL(P69+1,J69,"0000001",Holidays!$A$6:$A$55),"-")) -> 5 | S69: =IF(O69="","",IFERROR(WORKDAY.INTL(O69,-10,"0000001",Holidays!$A$6:$A$55),"-")) -> 46273 | T69: =IF(OR(I69="",Q69=""),"",IF(Q69<=I69-4,1,0)) -> 1 | W69: =IF(OR($U69="",$V69="",$I69=""),"",IF(AND($U69<=$I69-4,$V69>=$F69),1,0))
B70: M7 | C70: 13 | D70: RS27 | E70: 7849063489 | F70: 2197 | G70: 0 | H70: =IF(OR(D70="",E70=""),"",IFERROR(F70-G70,"-")) -> 2197 | I70: 46311 | J70: =IF(I70="","",IFERROR(WORKDAY.INTL(I70,-10,"0000001",Holidays!$A$6:$A$55),"-")) -> 46300 | K70: 2 | L70: 2975 | M70: =IF(OR(D70="",E70="",F70="",K70="",L70=""),"",IFERROR(ROUNDUP(H70/(K70*L70),0),"-")) -> 1 | N70: 46294 | O70: {=IF(OR($D70="",$E70=""),"",IF($N70<>"",$N70,IFERROR(WORKDAY.INTL(LOOKUP(2,1/(($D$2:D69=$D70)*ISNUMBER($P$2:P69)),$P$2:P69),1,"0000001",Holidays!$A$6:$A$55),"")))} -> 46294 | P70: =IF(OR(O70="",H70="",K70="",L70=""),"",IFERROR(WORKDAY.INTL(O70-1,MAX(1,ROUNDUP(H70/(K70*L70),0)),"0000001",Holidays!$A$6:$A$55),"-")) -> 46294 | Q70: =IF(P70="","",IFERROR(WORKDAY.INTL(P70,3,"0000001",Holidays!$A$6:$A$55),"-")) -> 46298 | R70: =IF(OR(J70="",P70=""),"",IFERROR(NETWORKDAYS.INTL(P70+1,J70,"0000001",Holidays!$A$6:$A$55),"-")) -> 4 | S70: =IF(O70="","",IFERROR(WORKDAY.INTL(O70,-10,"0000001",Holidays!$A$6:$A$55),"-")) -> 46282 | T70: =IF(OR(I70="",Q70=""),"",IF(Q70<=I70-4,1,0)) -> 1 | W70: =IF(OR($U70="",$V70="",$I70=""),"",IF(AND($U70<=$I70-4,$V70>=$F70),1,0))
B71: M7 | C71: 14 | D71: RS27 | E71: 7759903547 | F71: 2614 | G71: 0 | H71: =IF(OR(D71="",E71=""),"",IFERROR(F71-G71,"-")) -> 2614 | I71: 46311 | J71: =IF(I71="","",IFERROR(WORKDAY.INTL(I71,-10,"0000001",Holidays!$A$6:$A$55),"-")) -> 46300 | K71: 2 | L71: 2975 | M71: =IF(OR(D71="",E71="",F71="",K71="",L71=""),"",IFERROR(ROUNDUP(H71/(K71*L71),0),"-")) -> 1 | N71: 46294 | O71: {=IF(OR($D71="",$E71=""),"",IF($N71<>"",$N71,IFERROR(WORKDAY.INTL(LOOKUP(2,1/(($D$2:D70=$D71)*ISNUMBER($P$2:P70)),$P$2:P70),1,"0000001",Holidays!$A$6:$A$55),"")))} -> 46294 | P71: =IF(OR(O71="",H71="",K71="",L71=""),"",IFERROR(WORKDAY.INTL(O71-1,MAX(1,ROUNDUP(H71/(K71*L71),0)),"0000001",Holidays!$A$6:$A$55),"-")) -> 46294 | Q71: =IF(P71="","",IFERROR(WORKDAY.INTL(P71,3,"0000001",Holidays!$A$6:$A$55),"-")) -> 46298 | R71: =IF(OR(J71="",P71=""),"",IFERROR(NETWORKDAYS.INTL(P71+1,J71,"0000001",Holidays!$A$6:$A$55),"-")) -> 4 | S71: =IF(O71="","",IFERROR(WORKDAY.INTL(O71,-10,"0000001",Holidays!$A$6:$A$55),"-")) -> 46282 | T71: =IF(OR(I71="",Q71=""),"",IF(Q71<=I71-4,1,0)) -> 1 | W71: =IF(OR($U71="",$V71="",$I71=""),"",IF(AND($U71<=$I71-4,$V71>=$F71),1,0))
B72: M7 | C72: 15 | D72: RS27 | E72: 7084635043 | F72: 1517 | G72: 0 | H72: =IF(OR(D72="",E72=""),"",IFERROR(F72-G72,"-")) -> 1517 | I72: 46311 | J72: =IF(I72="","",IFERROR(WORKDAY.INTL(I72,-10,"0000001",Holidays!$A$6:$A$55),"-")) -> 46300 | K72: 2 | L72: 2975 | M72: =IF(OR(D72="",E72="",F72="",K72="",L72=""),"",IFERROR(ROUNDUP(H72/(K72*L72),0),"-")) -> 1 | O72: {=IF(OR($D72="",$E72=""),"",IF($N72<>"",$N72,IFERROR(WORKDAY.INTL(LOOKUP(2,1/(($D$2:D71=$D72)*ISNUMBER($P$2:P71)),$P$2:P71),1,"0000001",Holidays!$A$6:$A$55),"")))} -> 46295 | P72: =IF(OR(O72="",H72="",K72="",L72=""),"",IFERROR(WORKDAY.INTL(O72-1,MAX(1,ROUNDUP(H72/(K72*L72),0)),"0000001",Holidays!$A$6:$A$55),"-")) -> 46295 | Q72: =IF(P72="","",IFERROR(WORKDAY.INTL(P72,3,"0000001",Holidays!$A$6:$A$55),"-")) -> 46300 | R72: =IF(OR(J72="",P72=""),"",IFERROR(NETWORKDAYS.INTL(P72+1,J72,"0000001",Holidays!$A$6:$A$55),"-")) -> 3 | S72: =IF(O72="","",IFERROR(WORKDAY.INTL(O72,-10,"0000001",Holidays!$A$6:$A$55),"-")) -> 46283 | T72: =IF(OR(I72="",Q72=""),"",IF(Q72<=I72-4,1,0)) -> 1 | W72: =IF(OR($U72="",$V72="",$I72=""),"",IF(AND($U72<=$I72-4,$V72>=$F72),1,0))
B73: M7 | C73: 16 | D73: RS27 | E73: 7009990468 | F73: 1887 | G73: 0 | H73: =IF(OR(D73="",E73=""),"",IFERROR(F73-G73,"-")) -> 1887 | I73: 46311 | J73: =IF(I73="","",IFERROR(WORKDAY.INTL(I73,-10,"0000001",Holidays!$A$6:$A$55),"-")) -> 46300 | K73: 2 | L73: 2975 | M73: =IF(OR(D73="",E73="",F73="",K73="",L73=""),"",IFERROR(ROUNDUP(H73/(K73*L73),0),"-")) -> 1 | N73: 46295 | O73: {=IF(OR($D73="",$E73=""),"",IF($N73<>"",$N73,IFERROR(WORKDAY.INTL(LOOKUP(2,1/(($D$2:D72=$D73)*ISNUMBER($P$2:P72)),$P$2:P72),1,"0000001",Holidays!$A$6:$A$55),"")))} -> 46295 | P73: =IF(OR(O73="",H73="",K73="",L73=""),"",IFERROR(WORKDAY.INTL(O73-1,MAX(1,ROUNDUP(H73/(K73*L73),0)),"0000001",Holidays!$A$6:$A$55),"-")) -> 46295 | Q73: =IF(P73="","",IFERROR(WORKDAY.INTL(P73,3,"0000001",Holidays!$A$6:$A$55),"-")) -> 46300 | R73: =IF(OR(J73="",P73=""),"",IFERROR(NETWORKDAYS.INTL(P73+1,J73,"0000001",Holidays!$A$6:$A$55),"-")) -> 3 | S73: =IF(O73="","",IFERROR(WORKDAY.INTL(O73,-10,"0000001",Holidays!$A$6:$A$55),"-")) -> 46283 | T73: =IF(OR(I73="",Q73=""),"",IF(Q73<=I73-4,1,0)) -> 1 | W73: =IF(OR($U73="",$V73="",$I73=""),"",IF(AND($U73<=$I73-4,$V73>=$F73),1,0))
B74: M5 | C74: 1 | D74: 4406 | E74: 7448382145 | F74: 125154 | G74: 125154 | H74: =IF(OR(D74="",E74=""),"",IFERROR(F74-G74,"-")) -> 0 | I74: 46237 | J74: =IF(I74="","",IFERROR(WORKDAY.INTL(I74,-10,"0000001",Holidays!$A$6:$A$55),"-")) -> 46225 | M74: =IF(OR(D74="",E74="",F74="",K74="",L74=""),"",IFERROR(ROUNDUP(H74/(K74*L74),0),"-")) | N74: Close | O74: {=IF(OR($D74="",$E74=""),"",IF($N74<>"",$N74,IFERROR(WORKDAY.INTL(LOOKUP(2,1/(($D$2:D73=$D74)*ISNUMBER($P$2:P73)),$P$2:P73),1,"0000001",Holidays!$A$6:$A$55),"")))} -> Close | P74: =IF(OR(O74="",H74="",K74="",L74=""),"",IFERROR(WORKDAY.INTL(O74-1,MAX(1,ROUNDUP(H74/(K74*L74),0)),"0000001",Holidays!$A$6:$A$55),"-")) | Q74: =IF(P74="","",IFERROR(WORKDAY.INTL(P74,3,"0000001",Holidays!$A$6:$A$55),"-")) | R74: =IF(OR(J74="",P74=""),"",IFERROR(NETWORKDAYS.INTL(P74+1,J74,"0000001",Holidays!$A$6:$A$55),"-")) | S74: =IF(O74="","",IFERROR(WORKDAY.INTL(O74,-10,"0000001",Holidays!$A$6:$A$55),"-")) -> - | T74: =IF(OR(I74="",Q74=""),"",IF(Q74<=I74-4,1,0)) | W74: =IF(OR($U74="",$V74="",$I74=""),"",IF(AND($U74<=$I74-4,$V74>=$F74),1,0))
B75: M6 | C75: 1 | D75: 4406P | E75: 7248922049 | F75: 70533 | G75: 70533 | H75: =IF(OR(D75="",E75=""),"",IFERROR(F75-G75,"-")) -> 0 | I75: 46269 | J75: =IF(I75="","",IFERROR(WORKDAY.INTL(I75,-10,"0000001",Holidays!$A$6:$A$55),"-")) -> 46256 | M75: =IF(OR(D75="",E75="",F75="",K75="",L75=""),"",IFERROR(ROUNDUP(H75/(K75*L75),0),"-")) | N75: Close | O75: {=IF(OR($D75="",$E75=""),"",IF($N75<>"",$N75,IFERROR(WORKDAY.INTL(LOOKUP(2,1/(($D$2:D74=$D75)*ISNUMBER($P$2:P74)),$P$2:P74),1,"0000001",Holidays!$A$6:$A$55),"")))} -> Close | P75: =IF(OR(O75="",H75="",K75="",L75=""),"",IFERROR(WORKDAY.INTL(O75-1,MAX(1,ROUNDUP(H75/(K75*L75),0)),"0000001",Holidays!$A$6:$A$55),"-")) | Q75: =IF(P75="","",IFERROR(WORKDAY.INTL(P75,3,"0000001",Holidays!$A$6:$A$55),"-")) | R75: =IF(OR(J75="",P75=""),"",IFERROR(NETWORKDAYS.INTL(P75+1,J75,"0000001",Holidays!$A$6:$A$55),"-")) | S75: =IF(O75="","",IFERROR(WORKDAY.INTL(O75,-10,"0000001",Holidays!$A$6:$A$55),"-")) -> - | T75: =IF(OR(I75="",Q75=""),"",IF(Q75<=I75-4,1,0)) | W75: =IF(OR($U75="",$V75="",$I75=""),"",IF(AND($U75<=$I75-4,$V75>=$F75),1,0))
B76: M6 | C76: 2 | D76: 4406P | E76: 7290766807 | F76: 70584 | G76: 45140 | H76: =IF(OR(D76="",E76=""),"",IFERROR(F76-G76,"-")) -> 25444 | I76: 46269 | J76: =IF(I76="","",IFERROR(WORKDAY.INTL(I76,-10,"0000001",Holidays!$A$6:$A$55),"-")) -> 46256 | K76: 3 | L76: 4250 | M76: =IF(OR(D76="",E76="",F76="",K76="",L76=""),"",IFERROR(ROUNDUP(H76/(K76*L76),0),"-")) -> 2 | N76: 46247 | O76: {=IF(OR($D76="",$E76=""),"",IF($N76<>"",$N76,IFERROR(WORKDAY.INTL(LOOKUP(2,1/(($D$2:D75=$D76)*ISNUMBER($P$2:P75)),$P$2:P75),1,"0000001",Holidays!$A$6:$A$55),"")))} -> 46247 | P76: =IF(OR(O76="",H76="",K76="",L76=""),"",IFERROR(WORKDAY.INTL(O76-1,MAX(1,ROUNDUP(H76/(K76*L76),0)),"0000001",Holidays!$A$6:$A$55),"-")) -> 46248 | Q76: =IF(P76="","",IFERROR(WORKDAY.INTL(P76,3,"0000001",Holidays!$A$6:$A$55),"-")) -> 46253 | R76: =IF(OR(J76="",P76=""),"",IFERROR(NETWORKDAYS.INTL(P76+1,J76,"0000001",Holidays!$A$6:$A$55),"-")) -> 6 | S76: =IF(O76="","",IFERROR(WORKDAY.INTL(O76,-10,"0000001",Holidays!$A$6:$A$55),"-")) -> 46235 | T76: =IF(OR(I76="",Q76=""),"",IF(Q76<=I76-4,1,0)) -> 1 | W76: =IF(OR($U76="",$V76="",$I76=""),"",IF(AND($U76<=$I76-4,$V76>=$F76),1,0))
B77: M6 | C77: 3 | D77: 4406P | E77: 7966735389 | F77: 70482 | G77: 0 | H77: =IF(OR(D77="",E77=""),"",IFERROR(F77-G77,"-")) -> 70482 | I77: 46269 | J77: =IF(I77="","",IFERROR(WORKDAY.INTL(I77,-10,"0000001",Holidays!$A$6:$A$55),"-")) -> 46256 | K77: 3 | L77: 4250 | M77: =IF(OR(D77="",E77="",F77="",K77="",L77=""),"",IFERROR(ROUNDUP(H77/(K77*L77),0),"-")) -> 6 | N77: 46256 | O77: {=IF(OR($D77="",$E77=""),"",IF($N77<>"",$N77,IFERROR(WORKDAY.INTL(LOOKUP(2,1/(($D$2:D76=$D77)*ISNUMBER($P$2:P76)),$P$2:P76),1,"0000001",Holidays!$A$6:$A$55),"")))} -> 46256 | P77: =IF(OR(O77="",H77="",K77="",L77=""),"",IFERROR(WORKDAY.INTL(O77-1,MAX(1,ROUNDUP(H77/(K77*L77),0)),"0000001",Holidays!$A$6:$A$55),"-")) -> 46263 | Q77: =IF(P77="","",IFERROR(WORKDAY.INTL(P77,3,"0000001",Holidays!$A$6:$A$55),"-")) -> 46267 | R77: =IF(OR(J77="",P77=""),"",IFERROR(NETWORKDAYS.INTL(P77+1,J77,"0000001",Holidays!$A$6:$A$55),"-")) -> -6 | S77: =IF(O77="","",IFERROR(WORKDAY.INTL(O77,-10,"0000001",Holidays!$A$6:$A$55),"-")) -> 46244 | T77: =IF(OR(I77="",Q77=""),"",IF(Q77<=I77-4,1,0)) -> 0 | W77: =IF(OR($U77="",$V77="",$I77=""),"",IF(AND($U77<=$I77-4,$V77>=$F77),1,0))
B78: M7 | C78: 4 | D78: 4406P | E78: 7295058260 | F78: 70278 | G78: 0 | H78: =IF(OR(D78="",E78=""),"",IFERROR(F78-G78,"-")) -> 70278 | I78: 46290 | J78: =IF(I78="","",IFERROR(WORKDAY.INTL(I78,-10,"0000001",Holidays!$A$6:$A$55),"-")) -> 46279 | K78: 3 | L78: 4250 | M78: =IF(OR(D78="",E78="",F78="",K78="",L78=""),"",IFERROR(ROUNDUP(H78/(K78*L78),0),"-")) -> 6 | N78: 46270 | O78: {=IF(OR($D78="",$E78=""),"",IF($N78<>"",$N78,IFERROR(WORKDAY.INTL(LOOKUP(2,1/(($D$2:D77=$D78)*ISNUMBER($P$2:P77)),$P$2:P77),1,"0000001",Holidays!$A$6:$A$55),"")))} -> 46270 | P78: =IF(OR(O78="",H78="",K78="",L78=""),"",IFERROR(WORKDAY.INTL(O78-1,MAX(1,ROUNDUP(H78/(K78*L78),0)),"0000001",Holidays!$A$6:$A$55),"-")) -> 46276 | Q78: =IF(P78="","",IFERROR(WORKDAY.INTL(P78,3,"0000001",Holidays!$A$6:$A$55),"-")) -> 46280 | R78: =IF(OR(J78="",P78=""),"",IFERROR(NETWORKDAYS.INTL(P78+1,J78,"0000001",Holidays!$A$6:$A$55),"-")) -> 2 | S78: =IF(O78="","",IFERROR(WORKDAY.INTL(O78,-10,"0000001",Holidays!$A$6:$A$55),"-")) -> 46258 | T78: =IF(OR(I78="",Q78=""),"",IF(Q78<=I78-4,1,0)) -> 1 | W78: =IF(OR($U78="",$V78="",$I78=""),"",IF(AND($U78<=$I78-4,$V78>=$F78),1,0))
B79: M7 | C79: 5 | D79: 4406P | E79: 7762431379 | F79: 70482 | G79: 0 | H79: =IF(OR(D79="",E79=""),"",IFERROR(F79-G79,"-")) -> 70482 | I79: 46290 | J79: =IF(I79="","",IFERROR(WORKDAY.INTL(I79,-10,"0000001",Holidays!$A$6:$A$55),"-")) -> 46279 | K79: 3 | L79: 4250 | M79: =IF(OR(D79="",E79="",F79="",K79="",L79=""),"",IFERROR(ROUNDUP(H79/(K79*L79),0),"-")) -> 6 | N79: 46275 | O79: {=IF(OR($D79="",$E79=""),"",IF($N79<>"",$N79,IFERROR(WORKDAY.INTL(LOOKUP(2,1/(($D$2:D78=$D79)*ISNUMBER($P$2:P78)),$P$2:P78),1,"0000001",Holidays!$A$6:$A$55),"")))} -> 46275 | P79: =IF(OR(O79="",H79="",K79="",L79=""),"",IFERROR(WORKDAY.INTL(O79-1,MAX(1,ROUNDUP(H79/(K79*L79),0)),"0000001",Holidays!$A$6:$A$55),"-")) -> 46281 | Q79: =IF(P79="","",IFERROR(WORKDAY.INTL(P79,3,"0000001",Holidays!$A$6:$A$55),"-")) -> 46284 | R79: =IF(OR(J79="",P79=""),"",IFERROR(NETWORKDAYS.INTL(P79+1,J79,"0000001",Holidays!$A$6:$A$55),"-")) -> -4 | S79: =IF(O79="","",IFERROR(WORKDAY.INTL(O79,-10,"0000001",Holidays!$A$6:$A$55),"-")) -> 46263 | T79: =IF(OR(I79="",Q79=""),"",IF(Q79<=I79-4,1,0)) -> 1 | W79: =IF(OR($U79="",$V79="",$I79=""),"",IF(AND($U79<=$I79-4,$V79>=$F79),1,0))
B80: M7 | C80: 6 | D80: 4406P | E80: 7001886384 | F80: 70176 | G80: 0 | H80: =IF(OR(D80="",E80=""),"",IFERROR(F80-G80,"-")) -> 70176 | I80: 46290 | J80: =IF(I80="","",IFERROR(WORKDAY.INTL(I80,-10,"0000001",Holidays!$A$6:$A$55),"-")) -> 46279 | K80: 3 | L80: 4250 | M80: =IF(OR(D80="",E80="",F80="",K80="",L80=""),"",IFERROR(ROUNDUP(H80/(K80*L80),0),"-")) -> 6 | N80: 46281 | O80: {=IF(OR($D80="",$E80=""),"",IF($N80<>"",$N80,IFERROR(WORKDAY.INTL(LOOKUP(2,1/(($D$2:D79=$D80)*ISNUMBER($P$2:P79)),$P$2:P79),1,"0000001",Holidays!$A$6:$A$55),"")))} -> 46281 | P80: =IF(OR(O80="",H80="",K80="",L80=""),"",IFERROR(WORKDAY.INTL(O80-1,MAX(1,ROUNDUP(H80/(K80*L80),0)),"0000001",Holidays!$A$6:$A$55),"-")) -> 46287 | Q80: =IF(P80="","",IFERROR(WORKDAY.INTL(P80,3,"0000001",Holidays!$A$6:$A$55),"-")) -> 46290 | R80: =IF(OR(J80="",P80=""),"",IFERROR(NETWORKDAYS.INTL(P80+1,J80,"0000001",Holidays!$A$6:$A$55),"-")) -> -9 | S80: =IF(O80="","",IFERROR(WORKDAY.INTL(O80,-10,"0000001",Holidays!$A$6:$A$55),"-")) -> 46269 | T80: =IF(OR(I80="",Q80=""),"",IF(Q80<=I80-4,1,0)) -> 0 | W80: =IF(OR($U80="",$V80="",$I80=""),"",IF(AND($U80<=$I80-4,$V80>=$F80),1,0))
B81: M8 | C81: 7 | D81: 4406P | E81: 7212591173 | F81: 99348 | G81: 0 | H81: =IF(OR(D81="",E81=""),"",IFERROR(F81-G81,"-")) -> 99348 | I81: 46318 | J81: =IF(I81="","",IFERROR(WORKDAY.INTL(I81,-10,"0000001",Holidays!$A$6:$A$55),"-")) -> 46305 | K81: 3 | L81: 4250 | M81: =IF(OR(D81="",E81="",F81="",K81="",L81=""),"",IFERROR(ROUNDUP(H81/(K81*L81),0),"-")) -> 8 | N81: 46298 | O81: {=IF(OR($D81="",$E81=""),"",IF($N81<>"",$N81,IFERROR(WORKDAY.INTL(LOOKUP(2,1/(($D$2:D80=$D81)*ISNUMBER($P$2:P80)),$P$2:P80),1,"0000001",Holidays!$A$6:$A$55),"")))} -> 46298 | P81: =IF(OR(O81="",H81="",K81="",L81=""),"",IFERROR(WORKDAY.INTL(O81-1,MAX(1,ROUNDUP(H81/(K81*L81),0)),"0000001",Holidays!$A$6:$A$55),"-")) -> 46307 | Q81: =IF(P81="","",IFERROR(WORKDAY.INTL(P81,3,"0000001",Holidays!$A$6:$A$55),"-")) -> 46310 | R81: =IF(OR(J81="",P81=""),"",IFERROR(NETWORKDAYS.INTL(P81+1,J81,"0000001",Holidays!$A$6:$A$55),"-")) -> -3 | S81: =IF(O81="","",IFERROR(WORKDAY.INTL(O81,-10,"0000001",Holidays!$A$6:$A$55),"-")) -> 46286 | T81: =IF(OR(I81="",Q81=""),"",IF(Q81<=I81-4,1,0)) -> 1 | W81: =IF(OR($U81="",$V81="",$I81=""),"",IF(AND($U81<=$I81-4,$V81>=$F81),1,0))
B82: M8 | C82: 8 | D82: 4406P | E82: 7497573053 | F82: 71196 | G82: 0 | H82: =IF(OR(D82="",E82=""),"",IFERROR(F82-G82,"-")) -> 71196 | I82: 46339 | J82: =IF(I82="","",IFERROR(WORKDAY.INTL(I82,-10,"0000001",Holidays!$A$6:$A$55),"-")) -> 46326 | K82: 3 | L82: 4250 | M82: =IF(OR(D82="",E82="",F82="",K82="",L82=""),"",IFERROR(ROUNDUP(H82/(K82*L82),0),"-")) -> 6 | O82: {=IF(OR($D82="",$E82=""),"",IF($N82<>"",$N82,IFERROR(WORKDAY.INTL(LOOKUP(2,1/(($D$2:D81=$D82)*ISNUMBER($P$2:P81)),$P$2:P81),1,"0000001",Holidays!$A$6:$A$55),"")))} -> 46308 | P82: =IF(OR(O82="",H82="",K82="",L82=""),"",IFERROR(WORKDAY.INTL(O82-1,MAX(1,ROUNDUP(H82/(K82*L82),0)),"0000001",Holidays!$A$6:$A$55),"-")) -> 46314 | Q82: =IF(P82="","",IFERROR(WORKDAY.INTL(P82,3,"0000001",Holidays!$A$6:$A$55),"-")) -> 46318 | R82: =IF(OR(J82="",P82=""),"",IFERROR(NETWORKDAYS.INTL(P82+1,J82,"0000001",Holidays!$A$6:$A$55),"-")) -> 10 | S82: =IF(O82="","",IFERROR(WORKDAY.INTL(O82,-10,"0000001",Holidays!$A$6:$A$55),"-")) -> 46295 | T82: =IF(OR(I82="",Q82=""),"",IF(Q82<=I82-4,1,0)) -> 1 | W82: =IF(OR($U82="",$V82="",$I82=""),"",IF(AND($U82<=$I82-4,$V82>=$F82),1,0))
B83: M7 | C83: 1 | D83: 4410P | E83: 7492895374 | F83: 57426 | G83: 0 | H83: =IF(OR(D83="",E83=""),"",IFERROR(F83-G83,"-")) -> 57426 | I83: 46289 | J83: =IF(I83="","",IFERROR(WORKDAY.INTL(I83,-10,"0000001",Holidays!$A$6:$A$55),"-")) -> 46277 | K83: 3 | L83: 4250 | M83: =IF(OR(D83="",E83="",F83="",K83="",L83=""),"",IFERROR(ROUNDUP(H83/(K83*L83),0),"-")) -> 5 | N83: 46265 | O83: {=IF(OR($D83="",$E83=""),"",IF($N83<>"",$N83,IFERROR(WORKDAY.INTL(LOOKUP(2,1/(($D$2:D82=$D83)*ISNUMBER($P$2:P82)),$P$2:P82),1,"0000001",Holidays!$A$6:$A$55),"")))} -> 46265 | P83: =IF(OR(O83="",H83="",K83="",L83=""),"",IFERROR(WORKDAY.INTL(O83-1,MAX(1,ROUNDUP(H83/(K83*L83),0)),"0000001",Holidays!$A$6:$A$55),"-")) -> 46269 | Q83: =IF(P83="","",IFERROR(WORKDAY.INTL(P83,3,"0000001",Holidays!$A$6:$A$55),"-")) -> 46273 | R83: =IF(OR(J83="",P83=""),"",IFERROR(NETWORKDAYS.INTL(P83+1,J83,"0000001",Holidays!$A$6:$A$55),"-")) -> 7 | S83: =IF(O83="","",IFERROR(WORKDAY.INTL(O83,-10,"0000001",Holidays!$A$6:$A$55),"-")) -> 46252 | T83: =IF(OR(I83="",Q83=""),"",IF(Q83<=I83-4,1,0)) -> 1 | W83: =IF(OR($U83="",$V83="",$I83=""),"",IF(AND($U83<=$I83-4,$V83>=$F83),1,0))
B84: M7 | C84: 2 | D84: 4410P | E84: 7430234996 | F84: 48348 | G84: 0 | H84: =IF(OR(D84="",E84=""),"",IFERROR(F84-G84,"-")) -> 48348 | I84: 46311 | J84: =IF(I84="","",IFERROR(WORKDAY.INTL(I84,-10,"0000001",Holidays!$A$6:$A$55),"-")) -> 46300 | K84: 3 | L84: 4250 | M84: =IF(OR(D84="",E84="",F84="",K84="",L84=""),"",IFERROR(ROUNDUP(H84/(K84*L84),0),"-")) -> 4 | N84: 46287 | O84: {=IF(OR($D84="",$E84=""),"",IF($N84<>"",$N84,IFERROR(WORKDAY.INTL(LOOKUP(2,1/(($D$2:D83=$D84)*ISNUMBER($P$2:P83)),$P$2:P83),1,"0000001",Holidays!$A$6:$A$55),"")))} -> 46287 | P84: =IF(OR(O84="",H84="",K84="",L84=""),"",IFERROR(WORKDAY.INTL(O84-1,MAX(1,ROUNDUP(H84/(K84*L84),0)),"0000001",Holidays!$A$6:$A$55),"-")) -> 46290 | Q84: =IF(P84="","",IFERROR(WORKDAY.INTL(P84,3,"0000001",Holidays!$A$6:$A$55),"-")) -> 46294 | R84: =IF(OR(J84="",P84=""),"",IFERROR(NETWORKDAYS.INTL(P84+1,J84,"0000001",Holidays!$A$6:$A$55),"-")) -> 7 | S84: =IF(O84="","",IFERROR(WORKDAY.INTL(O84,-10,"0000001",Holidays!$A$6:$A$55),"-")) -> 46275 | T84: =IF(OR(I84="",Q84=""),"",IF(Q84<=I84-4,1,0)) -> 1 | W84: =IF(OR($U84="",$V84="",$I84=""),"",IF(AND($U84<=$I84-4,$V84>=$F84),1,0))
B85: M8 | C85: 3 | D85: 4410P | E85: 7254570238 | F85: 51918 | G85: 0 | H85: =IF(OR(D85="",E85=""),"",IFERROR(F85-G85,"-")) -> 51918 | I85: 46318 | J85: =IF(I85="","",IFERROR(WORKDAY.INTL(I85,-10,"0000001",Holidays!$A$6:$A$55),"-")) -> 46305 | K85: 3 | L85: 4250 | M85: =IF(OR(D85="",E85="",F85="",K85="",L85=""),"",IFERROR(ROUNDUP(H85/(K85*L85),0),"-")) -> 5 | N85: 46293 | O85: {=IF(OR($D85="",$E85=""),"",IF($N85<>"",$N85,IFERROR(WORKDAY.INTL(LOOKUP(2,1/(($D$2:D84=$D85)*ISNUMBER($P$2:P84)),$P$2:P84),1,"0000001",Holidays!$A$6:$A$55),"")))} -> 46293 | P85: =IF(OR(O85="",H85="",K85="",L85=""),"",IFERROR(WORKDAY.INTL(O85-1,MAX(1,ROUNDUP(H85/(K85*L85),0)),"0000001",Holidays!$A$6:$A$55),"-")) -> 46298 | Q85: =IF(P85="","",IFERROR(WORKDAY.INTL(P85,3,"0000001",Holidays!$A$6:$A$55),"-")) -> 46302 | R85: =IF(OR(J85="",P85=""),"",IFERROR(NETWORKDAYS.INTL(P85+1,J85,"0000001",Holidays!$A$6:$A$55),"-")) -> 6 | S85: =IF(O85="","",IFERROR(WORKDAY.INTL(O85,-10,"0000001",Holidays!$A$6:$A$55),"-")) -> 46281 | T85: =IF(OR(I85="",Q85=""),"",IF(Q85<=I85-4,1,0)) -> 1 | W85: =IF(OR($U85="",$V85="",$I85=""),"",IF(AND($U85<=$I85-4,$V85>=$F85),1,0))
B86: M5 | C86: 1 | D86: 6109 | E86: 7885379839 | F86: 28628 | G86: 28628 | H86: =IF(OR(D86="",E86=""),"",IFERROR(F86-G86,"-")) -> 0 | I86: 46247 | J86: =IF(I86="","",IFERROR(WORKDAY.INTL(I86,-10,"0000001",Holidays!$A$6:$A$55),"-")) -> 46235 | M86: =IF(OR(D86="",E86="",F86="",K86="",L86=""),"",IFERROR(ROUNDUP(H86/(K86*L86),0),"-")) | N86: Close | O86: {=IF(OR($D86="",$E86=""),"",IF($N86<>"",$N86,IFERROR(WORKDAY.INTL(LOOKUP(2,1/(($D$2:D85=$D86)*ISNUMBER($P$2:P85)),$P$2:P85),1,"0000001",Holidays!$A$6:$A$55),"")))} -> Close | P86: =IF(OR(O86="",H86="",K86="",L86=""),"",IFERROR(WORKDAY.INTL(O86-1,MAX(1,ROUNDUP(H86/(K86*L86),0)),"0000001",Holidays!$A$6:$A$55),"-")) | Q86: =IF(P86="","",IFERROR(WORKDAY.INTL(P86,3,"0000001",Holidays!$A$6:$A$55),"-")) | R86: =IF(OR(J86="",P86=""),"",IFERROR(NETWORKDAYS.INTL(P86+1,J86,"0000001",Holidays!$A$6:$A$55),"-")) | S86: =IF(O86="","",IFERROR(WORKDAY.INTL(O86,-10,"0000001",Holidays!$A$6:$A$55),"-")) -> - | T86: =IF(OR(I86="",Q86=""),"",IF(Q86<=I86-4,1,0)) | W86: =IF(OR($U86="",$V86="",$I86=""),"",IF(AND($U86<=$I86-4,$V86>=$F86),1,0))
B87: M5 | C87: 2 | D87: 6109 | E87: 7236498977 | F87: 28628 | G87: 28628 | H87: =IF(OR(D87="",E87=""),"",IFERROR(F87-G87,"-")) -> 0 | I87: 46247 | J87: =IF(I87="","",IFERROR(WORKDAY.INTL(I87,-10,"0000001",Holidays!$A$6:$A$55),"-")) -> 46235 | M87: =IF(OR(D87="",E87="",F87="",K87="",L87=""),"",IFERROR(ROUNDUP(H87/(K87*L87),0),"-")) | N87: Close | O87: {=IF(OR($D87="",$E87=""),"",IF($N87<>"",$N87,IFERROR(WORKDAY.INTL(LOOKUP(2,1/(($D$2:D86=$D87)*ISNUMBER($P$2:P86)),$P$2:P86),1,"0000001",Holidays!$A$6:$A$55),"")))} -> Close | P87: =IF(OR(O87="",H87="",K87="",L87=""),"",IFERROR(WORKDAY.INTL(O87-1,MAX(1,ROUNDUP(H87/(K87*L87),0)),"0000001",Holidays!$A$6:$A$55),"-")) | Q87: =IF(P87="","",IFERROR(WORKDAY.INTL(P87,3,"0000001",Holidays!$A$6:$A$55),"-")) | R87: =IF(OR(J87="",P87=""),"",IFERROR(NETWORKDAYS.INTL(P87+1,J87,"0000001",Holidays!$A$6:$A$55),"-")) | S87: =IF(O87="","",IFERROR(WORKDAY.INTL(O87,-10,"0000001",Holidays!$A$6:$A$55),"-")) -> - | T87: =IF(OR(I87="",Q87=""),"",IF(Q87<=I87-4,1,0)) | W87: =IF(OR($U87="",$V87="",$I87=""),"",IF(AND($U87<=$I87-4,$V87>=$F87),1,0))
B88: M5 | C88: 3 | D88: 6109 | E88: 7047253536 | F88: 45424 | G88: 45424 | H88: =IF(OR(D88="",E88=""),"",IFERROR(F88-G88,"-")) -> 0 | I88: 46251 | J88: =IF(I88="","",IFERROR(WORKDAY.INTL(I88,-10,"0000001",Holidays!$A$6:$A$55),"-")) -> 46238 | M88: =IF(OR(D88="",E88="",F88="",K88="",L88=""),"",IFERROR(ROUNDUP(H88/(K88*L88),0),"-")) | N88: Close | O88: {=IF(OR($D88="",$E88=""),"",IF($N88<>"",$N88,IFERROR(WORKDAY.INTL(LOOKUP(2,1/(($D$2:D87=$D88)*ISNUMBER($P$2:P87)),$P$2:P87),1,"0000001",Holidays!$A$6:$A$55),"")))} -> Close | P88: =IF(OR(O88="",H88="",K88="",L88=""),"",IFERROR(WORKDAY.INTL(O88-1,MAX(1,ROUNDUP(H88/(K88*L88),0)),"0000001",Holidays!$A$6:$A$55),"-")) | Q88: =IF(P88="","",IFERROR(WORKDAY.INTL(P88,3,"0000001",Holidays!$A$6:$A$55),"-")) | R88: =IF(OR(J88="",P88=""),"",IFERROR(NETWORKDAYS.INTL(P88+1,J88,"0000001",Holidays!$A$6:$A$55),"-")) | S88: =IF(O88="","",IFERROR(WORKDAY.INTL(O88,-10,"0000001",Holidays!$A$6:$A$55),"-")) -> - | T88: =IF(OR(I88="",Q88=""),"",IF(Q88<=I88-4,1,0)) | W88: =IF(OR($U88="",$V88="",$I88=""),"",IF(AND($U88<=$I88-4,$V88>=$F88),1,0))
B89: M6 | C89: 4 | D89: 6109 | E89: 7901407660 | F89: 78540 | G89: 78540 | H89: =IF(OR(D89="",E89=""),"",IFERROR(F89-G89,"-")) -> 0 | I89: 46256 | J89: =IF(I89="","",IFERROR(WORKDAY.INTL(I89,-10,"0000001",Holidays!$A$6:$A$55),"-")) -> 46244 | K89: 4 | L89: 2550 | M89: =IF(OR(D89="",E89="",F89="",K89="",L89=""),"",IFERROR(ROUNDUP(H89/(K89*L89),0),"-")) -> 0 | N89: 46247 | O89: {=IF(OR($D89="",$E89=""),"",IF($N89<>"",$N89,IFERROR(WORKDAY.INTL(LOOKUP(2,1/(($D$2:D88=$D89)*ISNUMBER($P$2:P88)),$P$2:P88),1,"0000001",Holidays!$A$6:$A$55),"")))} -> 46247 | P89: =IF(OR(O89="",H89="",K89="",L89=""),"",IFERROR(WORKDAY.INTL(O89-1,MAX(1,ROUNDUP(H89/(K89*L89),0)),"0000001",Holidays!$A$6:$A$55),"-")) -> 46247 | Q89: =IF(P89="","",IFERROR(WORKDAY.INTL(P89,3,"0000001",Holidays!$A$6:$A$55),"-")) -> 46252 | R89: =IF(OR(J89="",P89=""),"",IFERROR(NETWORKDAYS.INTL(P89+1,J89,"0000001",Holidays!$A$6:$A$55),"-")) -> -5 | S89: =IF(O89="","",IFERROR(WORKDAY.INTL(O89,-10,"0000001",Holidays!$A$6:$A$55),"-")) -> 46235 | T89: =IF(OR(I89="",Q89=""),"",IF(Q89<=I89-4,1,0)) -> 1 | W89: =IF(OR($U89="",$V89="",$I89=""),"",IF(AND($U89<=$I89-4,$V89>=$F89),1,0))
B90: M6 | C90: 5 | D90: 6109 | E90: 7853440581 | F90: 44846 | G90: 6983 | H90: =IF(OR(D90="",E90=""),"",IFERROR(F90-G90,"-")) -> 37863 | I90: 46266 | J90: =IF(I90="","",IFERROR(WORKDAY.INTL(I90,-10,"0000001",Holidays!$A$6:$A$55),"-")) -> 46253 | K90: 4 | L90: 2550 | M90: =IF(OR(D90="",E90="",F90="",K90="",L90=""),"",IFERROR(ROUNDUP(H90/(K90*L90),0),"-")) -> 4 | N90: 46251 | O90: {=IF(OR($D90="",$E90=""),"",IF($N90<>"",$N90,IFERROR(WORKDAY.INTL(LOOKUP(2,1/(($D$2:D89=$D90)*ISNUMBER($P$2:P89)),$P$2:P89),1,"0000001",Holidays!$A$6:$A$55),"")))} -> 46251 | P90: =IF(OR(O90="",H90="",K90="",L90=""),"",IFERROR(WORKDAY.INTL(O90-1,MAX(1,ROUNDUP(H90/(K90*L90),0)),"0000001",Holidays!$A$6:$A$55),"-")) -> 46254 | Q90: =IF(P90="","",IFERROR(WORKDAY.INTL(P90,3,"0000001",Holidays!$A$6:$A$55),"-")) -> 46258 | R90: =IF(OR(J90="",P90=""),"",IFERROR(NETWORKDAYS.INTL(P90+1,J90,"0000001",Holidays!$A$6:$A$55),"-")) -> -3 | S90: =IF(O90="","",IFERROR(WORKDAY.INTL(O90,-10,"0000001",Holidays!$A$6:$A$55),"-")) -> 46238 | T90: =IF(OR(I90="",Q90=""),"",IF(Q90<=I90-4,1,0)) -> 1 | W90: =IF(OR($U90="",$V90="",$I90=""),"",IF(AND($U90<=$I90-4,$V90>=$F90),1,0))
B91: M6 | C91: 6 | D91: 6109 | E91: 7211958562 | F91: 44710 | G91: 0 | H91: =IF(OR(D91="",E91=""),"",IFERROR(F91-G91,"-")) -> 44710 | I91: 46272 | J91: =IF(I91="","",IFERROR(WORKDAY.INTL(I91,-10,"0000001",Holidays!$A$6:$A$55),"-")) -> 46259 | K91: 4 | L91: 2550 | M91: =IF(OR(D91="",E91="",F91="",K91="",L91=""),"",IFERROR(ROUNDUP(H91/(K91*L91),0),"-")) -> 5 | N91: 46259 | O91: {=IF(OR($D91="",$E91=""),"",IF($N91<>"",$N91,IFERROR(WORKDAY.INTL(LOOKUP(2,1/(($D$2:D90=$D91)*ISNUMBER($P$2:P90)),$P$2:P90),1,"0000001",Holidays!$A$6:$A$55),"")))} -> 46259 | P91: =IF(OR(O91="",H91="",K91="",L91=""),"",IFERROR(WORKDAY.INTL(O91-1,MAX(1,ROUNDUP(H91/(K91*L91),0)),"0000001",Holidays!$A$6:$A$55),"-")) -> 46265 | Q91: =IF(P91="","",IFERROR(WORKDAY.INTL(P91,3,"0000001",Holidays!$A$6:$A$55),"-")) -> 46268 | R91: =IF(OR(J91="",P91=""),"",IFERROR(NETWORKDAYS.INTL(P91+1,J91,"0000001",Holidays!$A$6:$A$55),"-")) -> -6 | S91: =IF(O91="","",IFERROR(WORKDAY.INTL(O91,-10,"0000001",Holidays!$A$6:$A$55),"-")) -> 46246 | T91: =IF(OR(I91="",Q91=""),"",IF(Q91<=I91-4,1,0)) -> 1 | W91: =IF(OR($U91="",$V91="",$I91=""),"",IF(AND($U91<=$I91-4,$V91>=$F91),1,0))
B92: M6 | C92: 7 | D92: 6109 | E92: 7453883288 | F92: 49776 | G92: 0 | H92: =IF(OR(D92="",E92=""),"",IFERROR(F92-G92,"-")) -> 49776 | I92: 46283 | J92: =IF(I92="","",IFERROR(WORKDAY.INTL(I92,-10,"0000001",Holidays!$A$6:$A$55),"-")) -> 46272 | K92: 4 | L92: 2550 | M92: =IF(OR(D92="",E92="",F92="",K92="",L92=""),"",IFERROR(ROUNDUP(H92/(K92*L92),0),"-")) -> 5 | N92: 46267 | O92: {=IF(OR($D92="",$E92=""),"",IF($N92<>"",$N92,IFERROR(WORKDAY.INTL(LOOKUP(2,1/(($D$2:D91=$D92)*ISNUMBER($P$2:P91)),$P$2:P91),1,"0000001",Holidays!$A$6:$A$55),"")))} -> 46267 | P92: =IF(OR(O92="",H92="",K92="",L92=""),"",IFERROR(WORKDAY.INTL(O92-1,MAX(1,ROUNDUP(H92/(K92*L92),0)),"0000001",Holidays!$A$6:$A$55),"-")) -> 46272 | Q92: =IF(P92="","",IFERROR(WORKDAY.INTL(P92,3,"0000001",Holidays!$A$6:$A$55),"-")) -> 46275 | R92: =IF(OR(J92="",P92=""),"",IFERROR(NETWORKDAYS.INTL(P92+1,J92,"0000001",Holidays!$A$6:$A$55),"-")) -> -2 | S92: =IF(O92="","",IFERROR(WORKDAY.INTL(O92,-10,"0000001",Holidays!$A$6:$A$55),"-")) -> 46254 | T92: =IF(OR(I92="",Q92=""),"",IF(Q92<=I92-4,1,0)) -> 1 | W92: =IF(OR($U92="",$V92="",$I92=""),"",IF(AND($U92<=$I92-4,$V92>=$F92),1,0))
B93: M6 | C93: 8 | D93: 6109 | E93: 7345257873 | F93: 44752 | G93: 0 | H93: =IF(OR(D93="",E93=""),"",IFERROR(F93-G93,"-")) -> 44752 | I93: 46283 | J93: =IF(I93="","",IFERROR(WORKDAY.INTL(I93,-10,"0000001",Holidays!$A$6:$A$55),"-")) -> 46272 | K93: 4 | L93: 2550 | M93: =IF(OR(D93="",E93="",F93="",K93="",L93=""),"",IFERROR(ROUNDUP(H93/(K93*L93),0),"-")) -> 5 | N93: 46275 | O93: {=IF(OR($D93="",$E93=""),"",IF($N93<>"",$N93,IFERROR(WORKDAY.INTL(LOOKUP(2,1/(($D$2:D92=$D93)*ISNUMBER($P$2:P92)),$P$2:P92),1,"0000001",Holidays!$A$6:$A$55),"")))} -> 46275 | P93: =IF(OR(O93="",H93="",K93="",L93=""),"",IFERROR(WORKDAY.INTL(O93-1,MAX(1,ROUNDUP(H93/(K93*L93),0)),"0000001",Holidays!$A$6:$A$55),"-")) -> 46280 | Q93: =IF(P93="","",IFERROR(WORKDAY.INTL(P93,3,"0000001",Holidays!$A$6:$A$55),"-")) -> 46283 | R93: =IF(OR(J93="",P93=""),"",IFERROR(NETWORKDAYS.INTL(P93+1,J93,"0000001",Holidays!$A$6:$A$55),"-")) -> -9 | S93: =IF(O93="","",IFERROR(WORKDAY.INTL(O93,-10,"0000001",Holidays!$A$6:$A$55),"-")) -> 46263 | T93: =IF(OR(I93="",Q93=""),"",IF(Q93<=I93-4,1,0)) -> 0 | W93: =IF(OR($U93="",$V93="",$I93=""),"",IF(AND($U93<=$I93-4,$V93>=$F93),1,0))
B94: M7 | C94: 9 | D94: 6109 | E94: 7080451197 | F94: 62730 | G94: 0 | H94: =IF(OR(D94="",E94=""),"",IFERROR(F94-G94,"-")) -> 62730 | I94: 46291 | J94: =IF(I94="","",IFERROR(WORKDAY.INTL(I94,-10,"0000001",Holidays!$A$6:$A$55),"-")) -> 46280 | K94: 4 | L94: 2550 | M94: =IF(OR(D94="",E94="",F94="",K94="",L94=""),"",IFERROR(ROUNDUP(H94/(K94*L94),0),"-")) -> 7 | N94: 46280 | O94: {=IF(OR($D94="",$E94=""),"",IF($N94<>"",$N94,IFERROR(WORKDAY.INTL(LOOKUP(2,1/(($D$2:D93=$D94)*ISNUMBER($P$2:P93)),$P$2:P93),1,"0000001",Holidays!$A$6:$A$55),"")))} -> 46280 | P94: =IF(OR(O94="",H94="",K94="",L94=""),"",IFERROR(WORKDAY.INTL(O94-1,MAX(1,ROUNDUP(H94/(K94*L94),0)),"0000001",Holidays!$A$6:$A$55),"-")) -> 46287 | Q94: =IF(P94="","",IFERROR(WORKDAY.INTL(P94,3,"0000001",Holidays!$A$6:$A$55),"-")) -> 46290 | R94: =IF(OR(J94="",P94=""),"",IFERROR(NETWORKDAYS.INTL(P94+1,J94,"0000001",Holidays!$A$6:$A$55),"-")) -> -8 | S94: =IF(O94="","",IFERROR(WORKDAY.INTL(O94,-10,"0000001",Holidays!$A$6:$A$55),"-")) -> 46268 | T94: =IF(OR(I94="",Q94=""),"",IF(Q94<=I94-4,1,0)) -> 0 | W94: =IF(OR($U94="",$V94="",$I94=""),"",IF(AND($U94<=$I94-4,$V94>=$F94),1,0))
B95: M7 | C95: 10 | D95: 6109 | E95: 7358802573 | F95: 76262 | G95: 0 | H95: =IF(OR(D95="",E95=""),"",IFERROR(F95-G95,"-")) -> 76262 | I95: 46296 | J95: =IF(I95="","",IFERROR(WORKDAY.INTL(I95,-10,"0000001",Holidays!$A$6:$A$55),"-")) -> 46284 | K95: 4 | L95: 2550 | M95: =IF(OR(D95="",E95="",F95="",K95="",L95=""),"",IFERROR(ROUNDUP(H95/(K95*L95),0),"-")) -> 8 | N95: 46286 | O95: {=IF(OR($D95="",$E95=""),"",IF($N95<>"",$N95,IFERROR(WORKDAY.INTL(LOOKUP(2,1/(($D$2:D94=$D95)*ISNUMBER($P$2:P94)),$P$2:P94),1,"0000001",Holidays!$A$6:$A$55),"")))} -> 46286 | P95: =IF(OR(O95="",H95="",K95="",L95=""),"",IFERROR(WORKDAY.INTL(O95-1,MAX(1,ROUNDUP(H95/(K95*L95),0)),"0000001",Holidays!$A$6:$A$55),"-")) -> 46294 | Q95: =IF(P95="","",IFERROR(WORKDAY.INTL(P95,3,"0000001",Holidays!$A$6:$A$55),"-")) -> 46298 | R95: =IF(OR(J95="",P95=""),"",IFERROR(NETWORKDAYS.INTL(P95+1,J95,"0000001",Holidays!$A$6:$A$55),"-")) -> -10 | S95: =IF(O95="","",IFERROR(WORKDAY.INTL(O95,-10,"0000001",Holidays!$A$6:$A$55),"-")) -> 46274 | T95: =IF(OR(I95="",Q95=""),"",IF(Q95<=I95-4,1,0)) -> 0 | W95: =IF(OR($U95="",$V95="",$I95=""),"",IF(AND($U95<=$I95-4,$V95>=$F95),1,0))
B96: M7 | C96: 11 | D96: 6109 | E96: 7799635923 | F96: 57392 | G96: 0 | H96: =IF(OR(D96="",E96=""),"",IFERROR(F96-G96,"-")) -> 57392 | I96: 46305 | J96: =IF(I96="","",IFERROR(WORKDAY.INTL(I96,-10,"0000001",Holidays!$A$6:$A$55),"-")) -> 46293 | K96: 4 | L96: 2550 | M96: =IF(OR(D96="",E96="",F96="",K96="",L96=""),"",IFERROR(ROUNDUP(H96/(K96*L96),0),"-")) -> 6 | N96: 46296 | O96: {=IF(OR($D96="",$E96=""),"",IF($N96<>"",$N96,IFERROR(WORKDAY.INTL(LOOKUP(2,1/(($D$2:D95=$D96)*ISNUMBER($P$2:P95)),$P$2:P95),1,"0000001",Holidays!$A$6:$A$55),"")))} -> 46296 | P96: =IF(OR(O96="",H96="",K96="",L96=""),"",IFERROR(WORKDAY.INTL(O96-1,MAX(1,ROUNDUP(H96/(K96*L96),0)),"0000001",Holidays!$A$6:$A$55),"-")) -> 46303 | Q96: =IF(P96="","",IFERROR(WORKDAY.INTL(P96,3,"0000001",Holidays!$A$6:$A$55),"-")) -> 46307 | R96: =IF(OR(J96="",P96=""),"",IFERROR(NETWORKDAYS.INTL(P96+1,J96,"0000001",Holidays!$A$6:$A$55),"-")) -> -10 | S96: =IF(O96="","",IFERROR(WORKDAY.INTL(O96,-10,"0000001",Holidays!$A$6:$A$55),"-")) -> 46284 | T96: =IF(OR(I96="",Q96=""),"",IF(Q96<=I96-4,1,0)) -> 0 | W96: =IF(OR($U96="",$V96="",$I96=""),"",IF(AND($U96<=$I96-4,$V96>=$F96),1,0))
B97: M5 | C97: 1 | D97: 4115 | E97: 7239433937 | F97: 60180 | G97: 60180 | H97: =IF(OR(D97="",E97=""),"",IFERROR(F97-G97,"-")) -> 0 | I97: 46244 | J97: =IF(I97="","",IFERROR(WORKDAY.INTL(I97,-10,"0000001",Holidays!$A$6:$A$55),"-")) -> 46232 | M97: =IF(OR(D97="",E97="",F97="",K97="",L97=""),"",IFERROR(ROUNDUP(H97/(K97*L97),0),"-")) | N97: Close | O97: {=IF(OR($D97="",$E97=""),"",IF($N97<>"",$N97,IFERROR(WORKDAY.INTL(LOOKUP(2,1/(($D$2:D96=$D97)*ISNUMBER($P$2:P96)),$P$2:P96),1,"0000001",Holidays!$A$6:$A$55),"")))} -> Close | P97: =IF(OR(O97="",H97="",K97="",L97=""),"",IFERROR(WORKDAY.INTL(O97-1,MAX(1,ROUNDUP(H97/(K97*L97),0)),"0000001",Holidays!$A$6:$A$55),"-")) | Q97: =IF(P97="","",IFERROR(WORKDAY.INTL(P97,3,"0000001",Holidays!$A$6:$A$55),"-")) | R97: =IF(OR(J97="",P97=""),"",IFERROR(NETWORKDAYS.INTL(P97+1,J97,"0000001",Holidays!$A$6:$A$55),"-")) | S97: =IF(O97="","",IFERROR(WORKDAY.INTL(O97,-10,"0000001",Holidays!$A$6:$A$55),"-")) -> - | T97: =IF(OR(I97="",Q97=""),"",IF(Q97<=I97-4,1,0)) | W97: =IF(OR($U97="",$V97="",$I97=""),"",IF(AND($U97<=$I97-4,$V97>=$F97),1,0))
B98: M6 | C98: 2 | D98: 4115 | E98: 7018291935 | F98: 29962 | G98: 1479 | H98: =IF(OR(D98="",E98=""),"",IFERROR(F98-G98,"-")) -> 28483 | I98: 46279 | J98: =IF(I98="","",IFERROR(WORKDAY.INTL(I98,-10,"0000001",Holidays!$A$6:$A$55),"-")) -> 46267 | K98: 2 | L98: 2125 | M98: =IF(OR(D98="",E98="",F98="",K98="",L98=""),"",IFERROR(ROUNDUP(H98/(K98*L98),0),"-")) -> 7 | N98: 46247 | O98: {=IF(OR($D98="",$E98=""),"",IF($N98<>"",$N98,IFERROR(WORKDAY.INTL(LOOKUP(2,1/(($D$2:D97=$D98)*ISNUMBER($P$2:P97)),$P$2:P97),1,"0000001",Holidays!$A$6:$A$55),"")))} -> 46247 | P98: =IF(OR(O98="",H98="",K98="",L98=""),"",IFERROR(WORKDAY.INTL(O98-1,MAX(1,ROUNDUP(H98/(K98*L98),0)),"0000001",Holidays!$A$6:$A$55),"-")) -> 46255 | Q98: =IF(P98="","",IFERROR(WORKDAY.INTL(P98,3,"0000001",Holidays!$A$6:$A$55),"-")) -> 46259 | R98: =IF(OR(J98="",P98=""),"",IFERROR(NETWORKDAYS.INTL(P98+1,J98,"0000001",Holidays!$A$6:$A$55),"-")) -> 9 | S98: =IF(O98="","",IFERROR(WORKDAY.INTL(O98,-10,"0000001",Holidays!$A$6:$A$55),"-")) -> 46235 | T98: =IF(OR(I98="",Q98=""),"",IF(Q98<=I98-4,1,0)) -> 1 | W98: =IF(OR($U98="",$V98="",$I98=""),"",IF(AND($U98<=$I98-4,$V98>=$F98),1,0))
B99: M6 | C99: 3 | D99: 4115 | E99: 7590742470 | F99: 22066 | G99: 0 | H99: =IF(OR(D99="",E99=""),"",IFERROR(F99-G99,"-")) -> 22066 | I99: 46279 | J99: =IF(I99="","",IFERROR(WORKDAY.INTL(I99,-10,"0000001",Holidays!$A$6:$A$55),"-")) -> 46267 | K99: 2 | L99: 2125 | M99: =IF(OR(D99="",E99="",F99="",K99="",L99=""),"",IFERROR(ROUNDUP(H99/(K99*L99),0),"-")) -> 6 | N99: 46259 | O99: {=IF(OR($D99="",$E99=""),"",IF($N99<>"",$N99,IFERROR(WORKDAY.INTL(LOOKUP(2,1/(($D$2:D98=$D99)*ISNUMBER($P$2:P98)),$P$2:P98),1,"0000001",Holidays!$A$6:$A$55),"")))} -> 46259 | P99: =IF(OR(O99="",H99="",K99="",L99=""),"",IFERROR(WORKDAY.INTL(O99-1,MAX(1,ROUNDUP(H99/(K99*L99),0)),"0000001",Holidays!$A$6:$A$55),"-")) -> 46266 | Q99: =IF(P99="","",IFERROR(WORKDAY.INTL(P99,3,"0000001",Holidays!$A$6:$A$55),"-")) -> 46269 | R99: =IF(OR(J99="",P99=""),"",IFERROR(NETWORKDAYS.INTL(P99+1,J99,"0000001",Holidays!$A$6:$A$55),"-")) -> 1 | S99: =IF(O99="","",IFERROR(WORKDAY.INTL(O99,-10,"0000001",Holidays!$A$6:$A$55),"-")) -> 46246 | T99: =IF(OR(I99="",Q99=""),"",IF(Q99<=I99-4,1,0)) -> 1 | W99: =IF(OR($U99="",$V99="",$I99=""),"",IF(AND($U99<=$I99-4,$V99>=$F99),1,0))
B100: M7 | C100: 4 | D100: 4115 | E100: 7621755697 | F100: 26206 | G100: 0 | H100: =IF(OR(D100="",E100=""),"",IFERROR(F100-G100,"-")) -> 26206 | I100: 46303 | J100: =IF(I100="","",IFERROR(WORKDAY.INTL(I100,-10,"0000001",Holidays!$A$6:$A$55),"-")) -> 46290 | K100: 2 | L100: 2125 | M100: =IF(OR(D100="",E100="",F100="",K100="",L100=""),"",IFERROR(ROUNDUP(H100/(K100*L100),0),"-")) -> 7 | N100: 46272 | O100: {=IF(OR($D100="",$E100=""),"",IF($N100<>"",$N100,IFERROR(WORKDAY.INTL(LOOKUP(2,1/(($D$2:D99=$D100)*ISNUMBER($P$2:P99)),$P$2:P99),1,"0000001",Holidays!$A$6:$A$55),"")))} -> 46272 | P100: =IF(OR(O100="",H100="",K100="",L100=""),"",IFERROR(WORKDAY.INTL(O100-1,MAX(1,ROUNDUP(H100/(K100*L100),0)),"0000001",Holidays!$A$6:$A$55),"-")) -> 46279 | Q100: =IF(P100="","",IFERROR(WORKDAY.INTL(P100,3,"0000001",Holidays!$A$6:$A$55),"-")) -> 46282 | R100: =IF(OR(J100="",P100=""),"",IFERROR(NETWORKDAYS.INTL(P100+1,J100,"0000001",Holidays!$A$6:$A$55),"-")) -> 10 | S100: =IF(O100="","",IFERROR(WORKDAY.INTL(O100,-10,"0000001",Holidays!$A$6:$A$55),"-")) -> 46259 | T100: =IF(OR(I100="",Q100=""),"",IF(Q100<=I100-4,1,0)) -> 1 | W100: =IF(OR($U100="",$V100="",$I100=""),"",IF(AND($U100<=$I100-4,$V100>=$F100),1,0))
...

Sheet Holidays
A1: HOLIDAYS & WORKING CALENDAR
A2: Calendar Year | B2: 2026 | E2: Legend | F2: Working | G2: Sunday | H2: Holiday
A3: Edit the yellow cells only: set the year in B2 and list holiday dates (and names) in A6:B55. Sundays are excluded automatically.
A4: Holiday Register | E4: Annual Working Calendar
A5: Holiday Date | B5: Holiday Name | C5: Notes | E5: Date | F5: Month | G5: Week | H5: Day | I5: Status | J5: Counted?
A6: 46048 | E6: =DATE($B$2,1,1) -> 46023 | F6: =IF(E6="","",TEXT(E6,"mmm")) -> Jan | G6: =IF(E6="","",WEEKNUM(E6,2)) -> 1 | H6: =IF(E6="","",TEXT(E6,"ddd")) -> Thu | I6: =IF(E6="","",IF(COUNTIF($A$6:$A$55,E6)>0,"Holiday",IF(WEEKDAY(E6,2)=7,"Sunday","Working"))) -> Working | J6: =IF(E6="","",IF(OR(WEEKDAY(E6,2)=7,COUNTIF($A$6:$A$55,E6)>0),"No","Yes")) -> Yes
A7: 46249 | E7: =IF(E6="","",IF(E6<DATE($B$2+1,1,1)-1,E6+1,"")) -> 46024 | F7: =IF(E7="","",TEXT(E7,"mmm")) -> Jan | G7: =IF(E7="","",WEEKNUM(E7,2)) -> 1 | H7: =IF(E7="","",TEXT(E7,"ddd")) -> Fri | I7: =IF(E7="","",IF(COUNTIF($A$6:$A$55,E7)>0,"Holiday",IF(WEEKDAY(E7,2)=7,"Sunday","Working"))) -> Working | J7: =IF(E7="","",IF(OR(WEEKDAY(E7,2)=7,COUNTIF($A$6:$A$55,E7)>0),"No","Yes")) -> Yes
A8: 46262 | E8: =IF(E7="","",IF(E7<DATE($B$2+1,1,1)-1,E7+1,"")) -> 46025 | F8: =IF(E8="","",TEXT(E8,"mmm")) -> Jan | G8: =IF(E8="","",WEEKNUM(E8,2)) -> 1 | H8: =IF(E8="","",TEXT(E8,"ddd")) -> Sat | I8: =IF(E8="","",IF(COUNTIF($A$6:$A$55,E8)>0,"Holiday",IF(WEEKDAY(E8,2)=7,"Sunday","Working"))) -> Working | J8: =IF(E8="","",IF(OR(WEEKDAY(E8,2)=7,COUNTIF($A$6:$A$55,E8)>0),"No","Yes")) -> Yes
A9: 46297 | E9: =IF(E8="","",IF(E8<DATE($B$2+1,1,1)-1,E8+1,"")) -> 46026 | F9: =IF(E9="","",TEXT(E9,"mmm")) -> Jan | G9: =IF(E9="","",WEEKNUM(E9,2)) -> 1 | H9: =IF(E9="","",TEXT(E9,"ddd")) -> Sun | I9: =IF(E9="","",IF(COUNTIF($A$6:$A$55,E9)>0,"Holiday",IF(WEEKDAY(E9,2)=7,"Sunday","Working"))) -> Sunday | J9: =IF(E9="","",IF(OR(WEEKDAY(E9,2)=7,COUNTIF($A$6:$A$55,E9)>0),"No","Yes")) -> No
A10: 46315 | E10: =IF(E9="","",IF(E9<DATE($B$2+1,1,1)-1,E9+1,"")) -> 46027 | F10: =IF(E10="","",TEXT(E10,"mmm")) -> Jan | G10: =IF(E10="","",WEEKNUM(E10,2)) -> 2 | H10: =IF(E10="","",TEXT(E10,"ddd")) -> Mon | I10: =IF(E10="","",IF(COUNTIF($A$6:$A$55,E10)>0,"Holiday",IF(WEEKDAY(E10,2)=7,"Sunday","Working"))) -> Working | J10: =IF(E10="","",IF(OR(WEEKDAY(E10,2)=7,COUNTIF($A$6:$A$55,E10)>0),"No","Yes")) -> Yes
A11: 46333 | E11: =IF(E10="","",IF(E10<DATE($B$2+1,1,1)-1,E10+1,"")) -> 46028 | F11: =IF(E11="","",TEXT(E11,"mmm")) -> Jan | G11: =IF(E11="","",WEEKNUM(E11,2)) -> 2 | H11: =IF(E11="","",TEXT(E11,"ddd")) -> Tue | I11: =IF(E11="","",IF(COUNTIF($A$6:$A$55,E11)>0,"Holiday",IF(WEEKDAY(E11,2)=7,"Sunday","Working"))) -> Working | J11: =IF(E11="","",IF(OR(WEEKDAY(E11,2)=7,COUNTIF($A$6:$A$55,E11)>0),"No","Yes")) -> Yes
A12: 46342 | E12: =IF(E11="","",IF(E11<DATE($B$2+1,1,1)-1,E11+1,"")) -> 46029 | F12: =IF(E12="","",TEXT(E12,"mmm")) -> Jan | G12: =IF(E12="","",WEEKNUM(E12,2)) -> 2 | H12: =IF(E12="","",TEXT(E12,"ddd")) -> Wed | I12: =IF(E12="","",IF(COUNTIF($A$6:$A$55,E12)>0,"Holiday",IF(WEEKDAY(E12,2)=7,"Sunday","Working"))) -> Working | J12: =IF(E12="","",IF(OR(WEEKDAY(E12,2)=7,COUNTIF($A$6:$A$55,E12)>0),"No","Yes")) -> Yes
E13: =IF(E12="","",IF(E12<DATE($B$2+1,1,1)-1,E12+1,"")) -> 46030 | F13: =IF(E13="","",TEXT(E13,"mmm")) -> Jan | G13: =IF(E13="","",WEEKNUM(E13,2)) -> 2 | H13: =IF(E13="","",TEXT(E13,"ddd")) -> Thu | I13: =IF(E13="","",IF(COUNTIF($A$6:$A$55,E13)>0,"Holiday",IF(WEEKDAY(E13,2)=7,"Sunday","Working"))) -> Working | J13: =IF(E13="","",IF(OR(WEEKDAY(E13,2)=7,COUNTIF($A$6:$A$55,E13)>0),"No","Yes")) -> Yes
E14: =IF(E13="","",IF(E13<DATE($B$2+1,1,1)-1,E13+1,"")) -> 46031 | F14: =IF(E14="","",TEXT(E14,"mmm")) -> Jan | G14: =IF(E14="","",WEEKNUM(E14,2)) -> 2 | H14: =IF(E14="","",TEXT(E14,"ddd")) -> Fri | I14: =IF(E14="","",IF(COUNTIF($A$6:$A$55,E14)>0,"Holiday",IF(WEEKDAY(E14,2)=7,"Sunday","Working"))) -> Working | J14: =IF(E14="","",IF(OR(WEEKDAY(E14,2)=7,COUNTIF($A$6:$A$55,E14)>0),"No","Yes")) -> Yes
E15: =IF(E14="","",IF(E14<DATE($B$2+1,1,1)-1,E14+1,"")) -> 46032 | F15: =IF(E15="","",TEXT(E15,"mmm")) -> Jan | G15: =IF(E15="","",WEEKNUM(E15,2)) -> 2 | H15: =IF(E15="","",TEXT(E15,"ddd")) -> Sat | I15: =IF(E15="","",IF(COUNTIF($A$6:$A$55,E15)>0,"Holiday",IF(WEEKDAY(E15,2)=7,"Sunday","Working"))) -> Working | J15: =IF(E15="","",IF(OR(WEEKDAY(E15,2)=7,COUNTIF($A$6:$A$55,E15)>0),"No","Yes")) -> Yes
E16: =IF(E15="","",IF(E15<DATE($B$2+1,1,1)-1,E15+1,"")) -> 46033 | F16: =IF(E16="","",TEXT(E16,"mmm")) -> Jan | G16: =IF(E16="","",WEEKNUM(E16,2)) -> 2 | H16: =IF(E16="","",TEXT(E16,"ddd")) -> Sun | I16: =IF(E16="","",IF(COUNTIF($A$6:$A$55,E16)>0,"Holiday",IF(WEEKDAY(E16,2)=7,"Sunday","Working"))) -> Sunday | J16: =IF(E16="","",IF(OR(WEEKDAY(E16,2)=7,COUNTIF($A$6:$A$55,E16)>0),"No","Yes")) -> No
E17: =IF(E16="","",IF(E16<DATE($B$2+1,1,1)-1,E16+1,"")) -> 46034 | F17: =IF(E17="","",TEXT(E17,"mmm")) -> Jan | G17: =IF(E17="","",WEEKNUM(E17,2)) -> 3 | H17: =IF(E17="","",TEXT(E17,"ddd")) -> Mon | I17: =IF(E17="","",IF(COUNTIF($A$6:$A$55,E17)>0,"Holiday",IF(WEEKDAY(E17,2)=7,"Sunday","Working"))) -> Working | J17: =IF(E17="","",IF(OR(WEEKDAY(E17,2)=7,COUNTIF($A$6:$A$55,E17)>0),"No","Yes")) -> Yes
E18: =IF(E17="","",IF(E17<DATE($B$2+1,1,1)-1,E17+1,"")) -> 46035 | F18: =IF(E18="","",TEXT(E18,"mmm")) -> Jan | G18: =IF(E18="","",WEEKNUM(E18,2)) -> 3 | H18: =IF(E18="","",TEXT(E18,"ddd")) -> Tue | I18: =IF(E18="","",IF(COUNTIF($A$6:$A$55,E18)>0,"Holiday",IF(WEEKDAY(E18,2)=7,"Sunday","Working"))) -> Working | J18: =IF(E18="","",IF(OR(WEEKDAY(E18,2)=7,COUNTIF($A$6:$A$55,E18)>0),"No","Yes")) -> Yes
E19: =IF(E18="","",IF(E18<DATE($B$2+1,1,1)-1,E18+1,"")) -> 46036 | F19: =IF(E19="","",TEXT(E19,"mmm")) -> Jan | G19: =IF(E19="","",WEEKNUM(E19,2)) -> 3 | H19: =IF(E19="","",TEXT(E19,"ddd")) -> Wed | I19: =IF(E19="","",IF(COUNTIF($A$6:$A$55,E19)>0,"Holiday",IF(WEEKDAY(E19,2)=7,"Sunday","Working"))) -> Working | J19: =IF(E19="","",IF(OR(WEEKDAY(E19,2)=7,COUNTIF($A$6:$A$55,E19)>0),"No","Yes")) -> Yes
E20: =IF(E19="","",IF(E19<DATE($B$2+1,1,1)-1,E19+1,"")) -> 46037 | F20: =IF(E20="","",TEXT(E20,"mmm")) -> Jan | G20: =IF(E20="","",WEEKNUM(E20,2)) -> 3 | H20: =IF(E20="","",TEXT(E20,"ddd")) -> Thu | I20: =IF(E20="","",IF(COUNTIF($A$6:$A$55,E20)>0,"Holiday",IF(WEEKDAY(E20,2)=7,"Sunday","Working"))) -> Working | J20: =IF(E20="","",IF(OR(WEEKDAY(E20,2)=7,COUNTIF($A$6:$A$55,E20)>0),"No","Yes")) -> Yes | Q20: 46264
E21: =IF(E20="","",IF(E20<DATE($B$2+1,1,1)-1,E20+1,"")) -> 46038 | F21: =IF(E21="","",TEXT(E21,"mmm")) -> Jan | G21: =IF(E21="","",WEEKNUM(E21,2)) -> 3 | H21: =IF(E21="","",TEXT(E21,"ddd")) -> Fri | I21: =IF(E21="","",IF(COUNTIF($A$6:$A$55,E21)>0,"Holiday",IF(WEEKDAY(E21,2)=7,"Sunday","Working"))) -> Working | J21: =IF(E21="","",IF(OR(WEEKDAY(E21,2)=7,COUNTIF($A$6:$A$55,E21)>0),"No","Yes")) -> Yes | Q21: 46285
E22: =IF(E21="","",IF(E21<DATE($B$2+1,1,1)-1,E21+1,"")) -> 46039 | F22: =IF(E22="","",TEXT(E22,"mmm")) -> Jan | G22: =IF(E22="","",WEEKNUM(E22,2)) -> 3 | H22: =IF(E22="","",TEXT(E22,"ddd")) -> Sat | I22: =IF(E22="","",IF(COUNTIF($A$6:$A$55,E22)>0,"Holiday",IF(WEEKDAY(E22,2)=7,"Sunday","Working"))) -> Working | J22: =IF(E22="","",IF(OR(WEEKDAY(E22,2)=7,COUNTIF($A$6:$A$55,E22)>0),"No","Yes")) -> Yes | Q22: 46313
E23: =IF(E22="","",IF(E22<DATE($B$2+1,1,1)-1,E22+1,"")) -> 46040 | F23: =IF(E23="","",TEXT(E23,"mmm")) -> Jan | G23: =IF(E23="","",WEEKNUM(E23,2)) -> 3 | H23: =IF(E23="","",TEXT(E23,"ddd")) -> Sun | I23: =IF(E23="","",IF(COUNTIF($A$6:$A$55,E23)>0,"Holiday",IF(WEEKDAY(E23,2)=7,"Sunday","Working"))) -> Sunday | J23: =IF(E23="","",IF(OR(WEEKDAY(E23,2)=7,COUNTIF($A$6:$A$55,E23)>0),"No","Yes")) -> No
E24: =IF(E23="","",IF(E23<DATE($B$2+1,1,1)-1,E23+1,"")) -> 46041 | F24: =IF(E24="","",TEXT(E24,"mmm")) -> Jan | G24: =IF(E24="","",WEEKNUM(E24,2)) -> 4 | H24: =IF(E24="","",TEXT(E24,"ddd")) -> Mon | I24: =IF(E24="","",IF(COUNTIF($A$6:$A$55,E24)>0,"Holiday",IF(WEEKDAY(E24,2)=7,"Sunday","Working"))) -> Working | J24: =IF(E24="","",IF(OR(WEEKDAY(E24,2)=7,COUNTIF($A$6:$A$55,E24)>0),"No","Yes")) -> Yes
E25: =IF(E24="","",IF(E24<DATE($B$2+1,1,1)-1,E24+1,"")) -> 46042 | F25: =IF(E25="","",TEXT(E25,"mmm")) -> Jan | G25: =IF(E25="","",WEEKNUM(E25,2)) -> 4 | H25: =IF(E25="","",TEXT(E25,"ddd")) -> Tue | I25: =IF(E25="","",IF(COUNTIF($A$6:$A$55,E25)>0,"Holiday",IF(WEEKDAY(E25,2)=7,"Sunday","Working"))) -> Working | J25: =IF(E25="","",IF(OR(WEEKDAY(E25,2)=7,COUNTIF($A$6:$A$55,E25)>0),"No","Yes")) -> Yes
E26: =IF(E25="","",IF(E25<DATE($B$2+1,1,1)-1,E25+1,"")) -> 46043 | F26: =IF(E26="","",TEXT(E26,"mmm")) -> Jan | G26: =IF(E26="","",WEEKNUM(E26,2)) -> 4 | H26: =IF(E26="","",TEXT(E26,"ddd")) -> Wed | I26: =IF(E26="","",IF(COUNTIF($A$6:$A$55,E26)>0,"Holiday",IF(WEEKDAY(E26,2)=7,"Sunday","Working"))) -> Working | J26: =IF(E26="","",IF(OR(WEEKDAY(E26,2)=7,COUNTIF($A$6:$A$55,E26)>0),"No","Yes")) -> Yes
E27: =IF(E26="","",IF(E26<DATE($B$2+1,1,1)-1,E26+1,"")) -> 46044 | F27: =IF(E27="","",TEXT(E27,"mmm")) -> Jan | G27: =IF(E27="","",WEEKNUM(E27,2)) -> 4 | H27: =IF(E27="","",TEXT(E27,"ddd")) -> Thu | I27: =IF(E27="","",IF(COUNTIF($A$6:$A$55,E27)>0,"Holiday",IF(WEEKDAY(E27,2)=7,"Sunday","Working"))) -> Working | J27: =IF(E27="","",IF(OR(WEEKDAY(E27,2)=7,COUNTIF($A$6:$A$55,E27)>0),"No","Yes")) -> Yes
E28: =IF(E27="","",IF(E27<DATE($B$2+1,1,1)-1,E27+1,"")) -> 46045 | F28: =IF(E28="","",TEXT(E28,"mmm")) -> Jan | G28: =IF(E28="","",WEEKNUM(E28,2)) -> 4 | H28: =IF(E28="","",TEXT(E28,"ddd")) -> Fri | I28: =IF(E28="","",IF(COUNTIF($A$6:$A$55,E28)>0,"Holiday",IF(WEEKDAY(E28,2)=7,"Sunday","Working"))) -> Working | J28: =IF(E28="","",IF(OR(WEEKDAY(E28,2)=7,COUNTIF($A$6:$A$55,E28)>0),"No","Yes")) -> Yes
E29: =IF(E28="","",IF(E28<DATE($B$2+1,1,1)-1,E28+1,"")) -> 46046 | F29: =IF(E29="","",TEXT(E29,"mmm")) -> Jan | G29: =IF(E29="","",WEEKNUM(E29,2)) -> 4 | H29: =IF(E29="","",TEXT(E29,"ddd")) -> Sat | I29: =IF(E29="","",IF(COUNTIF($A$6:$A$55,E29)>0,"Holiday",IF(WEEKDAY(E29,2)=7,"Sunday","Working"))) -> Working | J29: =IF(E29="","",IF(OR(WEEKDAY(E29,2)=7,COUNTIF($A$6:$A$55,E29)>0),"No","Yes")) -> Yes
E30: =IF(E29="","",IF(E29<DATE($B$2+1,1,1)-1,E29+1,"")) -> 46047 | F30: =IF(E30="","",TEXT(E30,"mmm")) -> Jan | G30: =IF(E30="","",WEEKNUM(E30,2)) -> 4 | H30: =IF(E30="","",TEXT(E30,"ddd")) -> Sun | I30: =IF(E30="","",IF(COUNTIF($A$6:$A$55,E30)>0,"Holiday",IF(WEEKDAY(E30,2)=7,"Sunday","Working"))) -> Sunday | J30: =IF(E30="","",IF(OR(WEEKDAY(E30,2)=7,COUNTIF($A$6:$A$55,E30)>0),"No","Yes")) -> No
E31: =IF(E30="","",IF(E30<DATE($B$2+1,1,1)-1,E30+1,"")) -> 46048 | F31: =IF(E31="","",TEXT(E31,"mmm")) -> Jan | G31: =IF(E31="","",WEEKNUM(E31,2)) -> 5 | H31: =IF(E31="","",TEXT(E31,"ddd")) -> Mon | I31: =IF(E31="","",IF(COUNTIF($A$6:$A$55,E31)>0,"Holiday",IF(WEEKDAY(E31,2)=7,"Sunday","Working"))) -> Holiday | J31: =IF(E31="","",IF(OR(WEEKDAY(E31,2)=7,COUNTIF($A$6:$A$55,E31)>0),"No","Yes")) -> No
E32: =IF(E31="","",IF(E31<DATE($B$2+1,1,1)-1,E31+1,"")) -> 46049 | F32: =IF(E32="","",TEXT(E32,"mmm")) -> Jan | G32: =IF(E32="","",WEEKNUM(E32,2)) -> 5 | H32: =IF(E32="","",TEXT(E32,"ddd")) -> Tue | I32: =IF(E32="","",IF(COUNTIF($A$6:$A$55,E32)>0,"Holiday",IF(WEEKDAY(E32,2)=7,"Sunday","Working"))) -> Working | J32: =IF(E32="","",IF(OR(WEEKDAY(E32,2)=7,COUNTIF($A$6:$A$55,E32)>0),"No","Yes")) -> Yes
E33: =IF(E32="","",IF(E32<DATE($B$2+1,1,1)-1,E32+1,"")) -> 46050 | F33: =IF(E33="","",TEXT(E33,"mmm")) -> Jan | G33: =IF(E33="","",WEEKNUM(E33,2)) -> 5 | H33: =IF(E33="","",TEXT(E33,"ddd")) -> Wed | I33: =IF(E33="","",IF(COUNTIF($A$6:$A$55,E33)>0,"Holiday",IF(WEEKDAY(E33,2)=7,"Sunday","Working"))) -> Working | J33: =IF(E33="","",IF(OR(WEEKDAY(E33,2)=7,COUNTIF($A$6:$A$55,E33)>0),"No","Yes")) -> Yes
E34: =IF(E33="","",IF(E33<DATE($B$2+1,1,1)-1,E33+1,"")) -> 46051 | F34: =IF(E34="","",TEXT(E34,"mmm")) -> Jan | G34: =IF(E34="","",WEEKNUM(E34,2)) -> 5 | H34: =IF(E34="","",TEXT(E34,"ddd")) -> Thu | I34: =IF(E34="","",IF(COUNTIF($A$6:$A$55,E34)>0,"Holiday",IF(WEEKDAY(E34,2)=7,"Sunday","Working"))) -> Working | J34: =IF(E34="","",IF(OR(WEEKDAY(E34,2)=7,COUNTIF($A$6:$A$55,E34)>0),"No","Yes")) -> Yes
... E371: =IF(E370="","",IF(E370<DATE($B$2+1,1,1)-1,E370+1,"")) | F371: =IF(E371="","",TEXT(E371,"mmm")) | G371: =IF(E371="","",WEEKNUM(E371,2)) | H371: =IF(E371="","",TEXT(E371,"ddd")) | I371: =IF(E371="","",IF(COUNTIF($A$6:$A$55,E371)>0,"Holiday",IF(WEEKDAY(E371,2)=7,"Sunday","Working"))) | J371: =IF(E371="","",IF(OR(WEEKDAY(E371,2)=7,COUNTIF($A$6:$A$55,E371)>0),"No","Yes"))
